i,j,gcd
0,0,0
0,1,1
0,2,2
0,3,3
0,4,4
0,5,5
0,6,6
0,7,7
0,8,8
0,9,9
0,10,10
0,11,11
0,12,12
0,13,13
0,14,14
0,15,15
0,16,16
0,17,17
0,18,18
0,19,19
0,20,20
0,21,21
0,22,22
0,23,23
0,24,24
0,25,25
0,26,26
0,27,27
0,28,28
0,29,29
0,30,30
0,31,31
0,32,32
0,33,33
0,34,34
0,35,35
0,36,36
0,37,37
0,38,38
0,39,39
0,40,40
0,41,41
0,42,42
0,43,43
0,44,44
0,45,45
0,46,46
0,47,47
0,48,48
0,49,49
0,50,50
0,51,51
0,52,52
0,53,53
0,54,54
0,55,55
0,56,56
0,57,57
0,58,58
0,59,59
0,60,60
0,61,61
0,62,62
0,63,63
0,64,64
0,65,65
0,66,66
0,67,67
0,68,68
0,69,69
0,70,70
0,71,71
0,72,72
0,73,73
0,74,74
0,75,75
0,76,76
0,77,77
0,78,78
0,79,79
0,80,80
0,81,81
0,82,82
0,83,83
0,84,84
0,85,85
0,86,86
0,87,87
0,88,88
0,89,89
0,90,90
0,91,91
0,92,92
0,93,93
0,94,94
0,95,95
0,96,96
0,97,97
0,98,98
0,99,99
1,0,1
1,1,1
1,2,1
1,3,1
1,4,1
1,5,1
1,6,1
1,7,1
1,8,1
1,9,1
1,10,1
1,11,1
1,12,1
1,13,1
1,14,1
1,15,1
1,16,1
1,17,1
1,18,1
1,19,1
1,20,1
1,21,1
1,22,1
1,23,1
1,24,1
1,25,1
1,26,1
1,27,1
1,28,1
1,29,1
1,30,1
1,31,1
1,32,1
1,33,1
1,34,1
1,35,1
1,36,1
1,37,1
1,38,1
1,39,1
1,40,1
1,41,1
1,42,1
1,43,1
1,44,1
1,45,1
1,46,1
1,47,1
1,48,1
1,49,1
1,50,1
1,51,1
1,52,1
1,53,1
1,54,1
1,55,1
1,56,1
1,57,1
1,58,1
1,59,1
1,60,1
1,61,1
1,62,1
1,63,1
1,64,1
1,65,1
1,66,1
1,67,1
1,68,1
1,69,1
1,70,1
1,71,1
1,72,1
1,73,1
1,74,1
1,75,1
1,76,1
1,77,1
1,78,1
1,79,1
1,80,1
1,81,1
1,82,1
1,83,1
1,84,1
1,85,1
1,86,1
1,87,1
1,88,1
1,89,1
1,90,1
1,91,1
1,92,1
1,93,1
1,94,1
1,95,1
1,96,1
1,97,1
1,98,1
1,99,1
2,0,2
2,1,1
2,2,2
2,3,1
2,4,2
2,5,1
2,6,2
2,7,1
2,8,2
2,9,1
2,10,2
2,11,1
2,12,2
2,13,1
2,14,2
2,15,1
2,16,2
2,17,1
2,18,2
2,19,1
2,20,2
2,21,1
2,22,2
2,23,1
2,24,2
2,25,1
2,26,2
2,27,1
2,28,2
2,29,1
2,30,2
2,31,1
2,32,2
2,33,1
2,34,2
2,35,1
2,36,2
2,37,1
2,38,2
2,39,1
2,40,2
2,41,1
2,42,2
2,43,1
2,44,2
2,45,1
2,46,2
2,47,1
2,48,2
2,49,1
2,50,2
2,51,1
2,52,2
2,53,1
2,54,2
2,55,1
2,56,2
2,57,1
2,58,2
2,59,1
2,60,2
2,61,1
2,62,2
2,63,1
2,64,2
2,65,1
2,66,2
2,67,1
2,68,2
2,69,1
2,70,2
2,71,1
2,72,2
2,73,1
2,74,2
2,75,1
2,76,2
2,77,1
2,78,2
2,79,1
2,80,2
2,81,1
2,82,2
2,83,1
2,84,2
2,85,1
2,86,2
2,87,1
2,88,2
2,89,1
2,90,2
2,91,1
2,92,2
2,93,1
2,94,2
2,95,1
2,96,2
2,97,1
2,98,2
2,99,1
3,0,3
3,1,1
3,2,1
3,3,3
3,4,1
3,5,1
3,6,3
3,7,1
3,8,1
3,9,3
3,10,1
3,11,1
3,12,3
3,13,1
3,14,1
3,15,3
3,16,1
3,17,1
3,18,3
3,19,1
3,20,1
3,21,3
3,22,1
3,23,1
3,24,3
3,25,1
3,26,1
3,27,3
3,28,1
3,29,1
3,30,3
3,31,1
3,32,1
3,33,3
3,34,1
3,35,1
3,36,3
3,37,1
3,38,1
3,39,3
3,40,1
3,41,1
3,42,3
3,43,1
3,44,1
3,45,3
3,46,1
3,47,1
3,48,3
3,49,1
3,50,1
3,51,3
3,52,1
3,53,1
3,54,3
3,55,1
3,56,1
3,57,3
3,58,1
3,59,1
3,60,3
3,61,1
3,62,1
3,63,3
3,64,1
3,65,1
3,66,3
3,67,1
3,68,1
3,69,3
3,70,1
3,71,1
3,72,3
3,73,1
3,74,1
3,75,3
3,76,1
3,77,1
3,78,3
3,79,1
3,80,1
3,81,3
3,82,1
3,83,1
3,84,3
3,85,1
3,86,1
3,87,3
3,88,1
3,89,1
3,90,3
3,91,1
3,92,1
3,93,3
3,94,1
3,95,1
3,96,3
3,97,1
3,98,1
3,99,3
4,0,4
4,1,1
4,2,2
4,3,1
4,4,4
4,5,1
4,6,2
4,7,1
4,8,4
4,9,1
4,10,2
4,11,1
4,12,4
4,13,1
4,14,2
4,15,1
4,16,4
4,17,1
4,18,2
4,19,1
4,20,4
4,21,1
4,22,2
4,23,1
4,24,4
4,25,1
4,26,2
4,27,1
4,28,4
4,29,1
4,30,2
4,31,1
4,32,4
4,33,1
4,34,2
4,35,1
4,36,4
4,37,1
4,38,2
4,39,1
4,40,4
4,41,1
4,42,2
4,43,1
4,44,4
4,45,1
4,46,2
4,47,1
4,48,4
4,49,1
4,50,2
4,51,1
4,52,4
4,53,1
4,54,2
4,55,1
4,56,4
4,57,1
4,58,2
4,59,1
4,60,4
4,61,1
4,62,2
4,63,1
4,64,4
4,65,1
4,66,2
4,67,1
4,68,4
4,69,1
4,70,2
4,71,1
4,72,4
4,73,1
4,74,2
4,75,1
4,76,4
4,77,1
4,78,2
4,79,1
4,80,4
4,81,1
4,82,2
4,83,1
4,84,4
4,85,1
4,86,2
4,87,1
4,88,4
4,89,1
4,90,2
4,91,1
4,92,4
4,93,1
4,94,2
4,95,1
4,96,4
4,97,1
4,98,2
4,99,1
5,0,5
5,1,1
5,2,1
5,3,1
5,4,1
5,5,5
5,6,1
5,7,1
5,8,1
5,9,1
5,10,5
5,11,1
5,12,1
5,13,1
5,14,1
5,15,5
5,16,1
5,17,1
5,18,1
5,19,1
5,20,5
5,21,1
5,22,1
5,23,1
5,24,1
5,25,5
5,26,1
5,27,1
5,28,1
5,29,1
5,30,5
5,31,1
5,32,1
5,33,1
5,34,1
5,35,5
5,36,1
5,37,1
5,38,1
5,39,1
5,40,5
5,41,1
5,42,1
5,43,1
5,44,1
5,45,5
5,46,1
5,47,1
5,48,1
5,49,1
5,50,5
5,51,1
5,52,1
5,53,1
5,54,1
5,55,5
5,56,1
5,57,1
5,58,1
5,59,1
5,60,5
5,61,1
5,62,1
5,63,1
5,64,1
5,65,5
5,66,1
5,67,1
5,68,1
5,69,1
5,70,5
5,71,1
5,72,1
5,73,1
5,74,1
5,75,5
5,76,1
5,77,1
5,78,1
5,79,1
5,80,5
5,81,1
5,82,1
5,83,1
5,84,1
5,85,5
5,86,1
5,87,1
5,88,1
5,89,1
5,90,5
5,91,1
5,92,1
5,93,1
5,94,1
5,95,5
5,96,1
5,97,1
5,98,1
5,99,1
6,0,6
6,1,1
6,2,2
6,3,3
6,4,2
6,5,1
6,6,6
6,7,1
6,8,2
6,9,3
6,10,2
6,11,1
6,12,6
6,13,1
6,14,2
6,15,3
6,16,2
6,17,1
6,18,6
6,19,1
6,20,2
6,21,3
6,22,2
6,23,1
6,24,6
6,25,1
6,26,2
6,27,3
6,28,2
6,29,1
6,30,6
6,31,1
6,32,2
6,33,3
6,34,2
6,35,1
6,36,6
6,37,1
6,38,2
6,39,3
6,40,2
6,41,1
6,42,6
6,43,1
6,44,2
6,45,3
6,46,2
6,47,1
6,48,6
6,49,1
6,50,2
6,51,3
6,52,2
6,53,1
6,54,6
6,55,1
6,56,2
6,57,3
6,58,2
6,59,1
6,60,6
6,61,1
6,62,2
6,63,3
6,64,2
6,65,1
6,66,6
6,67,1
6,68,2
6,69,3
6,70,2
6,71,1
6,72,6
6,73,1
6,74,2
6,75,3
6,76,2
6,77,1
6,78,6
6,79,1
6,80,2
6,81,3
6,82,2
6,83,1
6,84,6
6,85,1
6,86,2
6,87,3
6,88,2
6,89,1
6,90,6
6,91,1
6,92,2
6,93,3
6,94,2
6,95,1
6,96,6
6,97,1
6,98,2
6,99,3
7,0,7
7,1,1
7,2,1
7,3,1
7,4,1
7,5,1
7,6,1
7,7,7
7,8,1
7,9,1
7,10,1
7,11,1
7,12,1
7,13,1
7,14,7
7,15,1
7,16,1
7,17,1
7,18,1
7,19,1
7,20,1
7,21,7
7,22,1
7,23,1
7,24,1
7,25,1
7,26,1
7,27,1
7,28,7
7,29,1
7,30,1
7,31,1
7,32,1
7,33,1
7,34,1
7,35,7
7,36,1
7,37,1
7,38,1
7,39,1
7,40,1
7,41,1
7,42,7
7,43,1
7,44,1
7,45,1
7,46,1
7,47,1
7,48,1
7,49,7
7,50,1
7,51,1
7,52,1
7,53,1
7,54,1
7,55,1
7,56,7
7,57,1
7,58,1
7,59,1
7,60,1
7,61,1
7,62,1
7,63,7
7,64,1
7,65,1
7,66,1
7,67,1
7,68,1
7,69,1
7,70,7
7,71,1
7,72,1
7,73,1
7,74,1
7,75,1
7,76,1
7,77,7
7,78,1
7,79,1
7,80,1
7,81,1
7,82,1
7,83,1
7,84,7
7,85,1
7,86,1
7,87,1
7,88,1
7,89,1
7,90,1
7,91,7
7,92,1
7,93,1
7,94,1
7,95,1
7,96,1
7,97,1
7,98,7
7,99,1
8,0,8
8,1,1
8,2,2
8,3,1
8,4,4
8,5,1
8,6,2
8,7,1
8,8,8
8,9,1
8,10,2
8,11,1
8,12,4
8,13,1
8,14,2
8,15,1
8,16,8
8,17,1
8,18,2
8,19,1
8,20,4
8,21,1
8,22,2
8,23,1
8,24,8
8,25,1
8,26,2
8,27,1
8,28,4
8,29,1
8,30,2
8,31,1
8,32,8
8,33,1
8,34,2
8,35,1
8,36,4
8,37,1
8,38,2
8,39,1
8,40,8
8,41,1
8,42,2
8,43,1
8,44,4
8,45,1
8,46,2
8,47,1
8,48,8
8,49,1
8,50,2
8,51,1
8,52,4
8,53,1
8,54,2
8,55,1
8,56,8
8,57,1
8,58,2
8,59,1
8,60,4
8,61,1
8,62,2
8,63,1
8,64,8
8,65,1
8,66,2
8,67,1
8,68,4
8,69,1
8,70,2
8,71,1
8,72,8
8,73,1
8,74,2
8,75,1
8,76,4
8,77,1
8,78,2
8,79,1
8,80,8
8,81,1
8,82,2
8,83,1
8,84,4
8,85,1
8,86,2
8,87,1
8,88,8
8,89,1
8,90,2
8,91,1
8,92,4
8,93,1
8,94,2
8,95,1
8,96,8
8,97,1
8,98,2
8,99,1
9,0,9
9,1,1
9,2,1
9,3,3
9,4,1
9,5,1
9,6,3
9,7,1
9,8,1
9,9,9
9,10,1
9,11,1
9,12,3
9,13,1
9,14,1
9,15,3
9,16,1
9,17,1
9,18,9
9,19,1
9,20,1
9,21,3
9,22,1
9,23,1
9,24,3
9,25,1
9,26,1
9,27,9
9,28,1
9,29,1
9,30,3
9,31,1
9,32,1
9,33,3
9,34,1
9,35,1
9,36,9
9,37,1
9,38,1
9,39,3
9,40,1
9,41,1
9,42,3
9,43,1
9,44,1
9,45,9
9,46,1
9,47,1
9,48,3
9,49,1
9,50,1
9,51,3
9,52,1
9,53,1
9,54,9
9,55,1
9,56,1
9,57,3
9,58,1
9,59,1
9,60,3
9,61,1
9,62,1
9,63,9
9,64,1
9,65,1
9,66,3
9,67,1
9,68,1
9,69,3
9,70,1
9,71,1
9,72,9
9,73,1
9,74,1
9,75,3
9,76,1
9,77,1
9,78,3
9,79,1
9,80,1
9,81,9
9,82,1
9,83,1
9,84,3
9,85,1
9,86,1
9,87,3
9,88,1
9,89,1
9,90,9
9,91,1
9,92,1
9,93,3
9,94,1
9,95,1
9,96,3
9,97,1
9,98,1
9,99,9
10,0,10
10,1,1
10,2,2
10,3,1
10,4,2
10,5,5
10,6,2
10,7,1
10,8,2
10,9,1
10,10,10
10,11,1
10,12,2
10,13,1
10,14,2
10,15,5
10,16,2
10,17,1
10,18,2
10,19,1
10,20,10
10,21,1
10,22,2
10,23,1
10,24,2
10,25,5
10,26,2
10,27,1
10,28,2
10,29,1
10,30,10
10,31,1
10,32,2
10,33,1
10,34,2
10,35,5
10,36,2
10,37,1
10,38,2
10,39,1
10,40,10
10,41,1
10,42,2
10,43,1
10,44,2
10,45,5
10,46,2
10,47,1
10,48,2
10,49,1
10,50,10
10,51,1
10,52,2
10,53,1
10,54,2
10,55,5
10,56,2
10,57,1
10,58,2
10,59,1
10,60,10
10,61,1
10,62,2
10,63,1
10,64,2
10,65,5
10,66,2
10,67,1
10,68,2
10,69,1
10,70,10
10,71,1
10,72,2
10,73,1
10,74,2
10,75,5
10,76,2
10,77,1
10,78,2
10,79,1
10,80,10
10,81,1
10,82,2
10,83,1
10,84,2
10,85,5
10,86,2
10,87,1
10,88,2
10,89,1
10,90,10
10,91,1
10,92,2
10,93,1
10,94,2
10,95,5
10,96,2
10,97,1
10,98,2
10,99,1
11,0,11
11,1,1
11,2,1
11,3,1
11,4,1
11,5,1
11,6,1
11,7,1
11,8,1
11,9,1
11,10,1
11,11,11
11,12,1
11,13,1
11,14,1
11,15,1
11,16,1
11,17,1
11,18,1
11,19,1
11,20,1
11,21,1
11,22,11
11,23,1
11,24,1
11,25,1
11,26,1
11,27,1
11,28,1
11,29,1
11,30,1
11,31,1
11,32,1
11,33,11
11,34,1
11,35,1
11,36,1
11,37,1
11,38,1
11,39,1
11,40,1
11,41,1
11,42,1
11,43,1
11,44,11
11,45,1
11,46,1
11,47,1
11,48,1
11,49,1
11,50,1
11,51,1
11,52,1
11,53,1
11,54,1
11,55,11
11,56,1
11,57,1
11,58,1
11,59,1
11,60,1
11,61,1
11,62,1
11,63,1
11,64,1
11,65,1
11,66,11
11,67,1
11,68,1
11,69,1
11,70,1
11,71,1
11,72,1
11,73,1
11,74,1
11,75,1
11,76,1
11,77,11
11,78,1
11,79,1
11,80,1
11,81,1
11,82,1
11,83,1
11,84,1
11,85,1
11,86,1
11,87,1
11,88,11
11,89,1
11,90,1
11,91,1
11,92,1
11,93,1
11,94,1
11,95,1
11,96,1
11,97,1
11,98,1
11,99,11
12,0,12
12,1,1
12,2,2
12,3,3
12,4,4
12,5,1
12,6,6
12,7,1
12,8,4
12,9,3
12,10,2
12,11,1
12,12,12
12,13,1
12,14,2
12,15,3
12,16,4
12,17,1
12,18,6
12,19,1
12,20,4
12,21,3
12,22,2
12,23,1
12,24,12
12,25,1
12,26,2
12,27,3
12,28,4
12,29,1
12,30,6
12,31,1
12,32,4
12,33,3
12,34,2
12,35,1
12,36,12
12,37,1
12,38,2
12,39,3
12,40,4
12,41,1
12,42,6
12,43,1
12,44,4
12,45,3
12,46,2
12,47,1
12,48,12
12,49,1
12,50,2
12,51,3
12,52,4
12,53,1
12,54,6
12,55,1
12,56,4
12,57,3
12,58,2
12,59,1
12,60,12
12,61,1
12,62,2
12,63,3
12,64,4
12,65,1
12,66,6
12,67,1
12,68,4
12,69,3
12,70,2
12,71,1
12,72,12
12,73,1
12,74,2
12,75,3
12,76,4
12,77,1
12,78,6
12,79,1
12,80,4
12,81,3
12,82,2
12,83,1
12,84,12
12,85,1
12,86,2
12,87,3
12,88,4
12,89,1
12,90,6
12,91,1
12,92,4
12,93,3
12,94,2
12,95,1
12,96,12
12,97,1
12,98,2
12,99,3
13,0,13
13,1,1
13,2,1
13,3,1
13,4,1
13,5,1
13,6,1
13,7,1
13,8,1
13,9,1
13,10,1
13,11,1
13,12,1
13,13,13
13,14,1
13,15,1
13,16,1
13,17,1
13,18,1
13,19,1
13,20,1
13,21,1
13,22,1
13,23,1
13,24,1
13,25,1
13,26,13
13,27,1
13,28,1
13,29,1
13,30,1
13,31,1
13,32,1
13,33,1
13,34,1
13,35,1
13,36,1
13,37,1
13,38,1
13,39,13
13,40,1
13,41,1
13,42,1
13,43,1
13,44,1
13,45,1
13,46,1
13,47,1
13,48,1
13,49,1
13,50,1
13,51,1
13,52,13
13,53,1
13,54,1
13,55,1
13,56,1
13,57,1
13,58,1
13,59,1
13,60,1
13,61,1
13,62,1
13,63,1
13,64,1
13,65,13
13,66,1
13,67,1
13,68,1
13,69,1
13,70,1
13,71,1
13,72,1
13,73,1
13,74,1
13,75,1
13,76,1
13,77,1
13,78,13
13,79,1
13,80,1
13,81,1
13,82,1
13,83,1
13,84,1
13,85,1
13,86,1
13,87,1
13,88,1
13,89,1
13,90,1
13,91,13
13,92,1
13,93,1
13,94,1
13,95,1
13,96,1
13,97,1
13,98,1
13,99,1
14,0,14
14,1,1
14,2,2
14,3,1
14,4,2
14,5,1
14,6,2
14,7,7
14,8,2
14,9,1
14,10,2
14,11,1
14,12,2
14,13,1
14,14,14
14,15,1
14,16,2
14,17,1
14,18,2
14,19,1
14,20,2
14,21,7
14,22,2
14,23,1
14,24,2
14,25,1
14,26,2
14,27,1
14,28,14
14,29,1
14,30,2
14,31,1
14,32,2
14,33,1
14,34,2
14,35,7
14,36,2
14,37,1
14,38,2
14,39,1
14,40,2
14,41,1
14,42,14
14,43,1
14,44,2
14,45,1
14,46,2
14,47,1
14,48,2
14,49,7
14,50,2
14,51,1
14,52,2
14,53,1
14,54,2
14,55,1
14,56,14
14,57,1
14,58,2
14,59,1
14,60,2
14,61,1
14,62,2
14,63,7
14,64,2
14,65,1
14,66,2
14,67,1
14,68,2
14,69,1
14,70,14
14,71,1
14,72,2
14,73,1
14,74,2
14,75,1
14,76,2
14,77,7
14,78,2
14,79,1
14,80,2
14,81,1
14,82,2
14,83,1
14,84,14
14,85,1
14,86,2
14,87,1
14,88,2
14,89,1
14,90,2
14,91,7
14,92,2
14,93,1
14,94,2
14,95,1
14,96,2
14,97,1
14,98,14
14,99,1
15,0,15
15,1,1
15,2,1
15,3,3
15,4,1
15,5,5
15,6,3
15,7,1
15,8,1
15,9,3
15,10,5
15,11,1
15,12,3
15,13,1
15,14,1
15,15,15
15,16,1
15,17,1
15,18,3
15,19,1
15,20,5
15,21,3
15,22,1
15,23,1
15,24,3
15,25,5
15,26,1
15,27,3
15,28,1
15,29,1
15,30,15
15,31,1
15,32,1
15,33,3
15,34,1
15,35,5
15,36,3
15,37,1
15,38,1
15,39,3
15,40,5
15,41,1
15,42,3
15,43,1
15,44,1
15,45,15
15,46,1
15,47,1
15,48,3
15,49,1
15,50,5
15,51,3
15,52,1
15,53,1
15,54,3
15,55,5
15,56,1
15,57,3
15,58,1
15,59,1
15,60,15
15,61,1
15,62,1
15,63,3
15,64,1
15,65,5
15,66,3
15,67,1
15,68,1
15,69,3
15,70,5
15,71,1
15,72,3
15,73,1
15,74,1
15,75,15
15,76,1
15,77,1
15,78,3
15,79,1
15,80,5
15,81,3
15,82,1
15,83,1
15,84,3
15,85,5
15,86,1
15,87,3
15,88,1
15,89,1
15,90,15
15,91,1
15,92,1
15,93,3
15,94,1
15,95,5
15,96,3
15,97,1
15,98,1
15,99,3
16,0,16
16,1,1
16,2,2
16,3,1
16,4,4
16,5,1
16,6,2
16,7,1
16,8,8
16,9,1
16,10,2
16,11,1
16,12,4
16,13,1
16,14,2
16,15,1
16,16,16
16,17,1
16,18,2
16,19,1
16,20,4
16,21,1
16,22,2
16,23,1
16,24,8
16,25,1
16,26,2
16,27,1
16,28,4
16,29,1
16,30,2
16,31,1
16,32,16
16,33,1
16,34,2
16,35,1
16,36,4
16,37,1
16,38,2
16,39,1
16,40,8
16,41,1
16,42,2
16,43,1
16,44,4
16,45,1
16,46,2
16,47,1
16,48,16
16,49,1
16,50,2
16,51,1
16,52,4
16,53,1
16,54,2
16,55,1
16,56,8
16,57,1
16,58,2
16,59,1
16,60,4
16,61,1
16,62,2
16,63,1
16,64,16
16,65,1
16,66,2
16,67,1
16,68,4
16,69,1
16,70,2
16,71,1
16,72,8
16,73,1
16,74,2
16,75,1
16,76,4
16,77,1
16,78,2
16,79,1
16,80,16
16,81,1
16,82,2
16,83,1
16,84,4
16,85,1
16,86,2
16,87,1
16,88,8
16,89,1
16,90,2
16,91,1
16,92,4
16,93,1
16,94,2
16,95,1
16,96,16
16,97,1
16,98,2
16,99,1
17,0,17
17,1,1
17,2,1
17,3,1
17,4,1
17,5,1
17,6,1
17,7,1
17,8,1
17,9,1
17,10,1
17,11,1
17,12,1
17,13,1
17,14,1
17,15,1
17,16,1
17,17,17
17,18,1
17,19,1
17,20,1
17,21,1
17,22,1
17,23,1
17,24,1
17,25,1
17,26,1
17,27,1
17,28,1
17,29,1
17,30,1
17,31,1
17,32,1
17,33,1
17,34,17
17,35,1
17,36,1
17,37,1
17,38,1
17,39,1
17,40,1
17,41,1
17,42,1
17,43,1
17,44,1
17,45,1
17,46,1
17,47,1
17,48,1
17,49,1
17,50,1
17,51,17
17,52,1
17,53,1
17,54,1
17,55,1
17,56,1
17,57,1
17,58,1
17,59,1
17,60,1
17,61,1
17,62,1
17,63,1
17,64,1
17,65,1
17,66,1
17,67,1
17,68,17
17,69,1
17,70,1
17,71,1
17,72,1
17,73,1
17,74,1
17,75,1
17,76,1
17,77,1
17,78,1
17,79,1
17,80,1
17,81,1
17,82,1
17,83,1
17,84,1
17,85,17
17,86,1
17,87,1
17,88,1
17,89,1
17,90,1
17,91,1
17,92,1
17,93,1
17,94,1
17,95,1
17,96,1
17,97,1
17,98,1
17,99,1
18,0,18
18,1,1
18,2,2
18,3,3
18,4,2
18,5,1
18,6,6
18,7,1
18,8,2
18,9,9
18,10,2
18,11,1
18,12,6
18,13,1
18,14,2
18,15,3
18,16,2
18,17,1
18,18,18
18,19,1
18,20,2
18,21,3
18,22,2
18,23,1
18,24,6
18,25,1
18,26,2
18,27,9
18,28,2
18,29,1
18,30,6
18,31,1
18,32,2
18,33,3
18,34,2
18,35,1
18,36,18
18,37,1
18,38,2
18,39,3
18,40,2
18,41,1
18,42,6
18,43,1
18,44,2
18,45,9
18,46,2
18,47,1
18,48,6
18,49,1
18,50,2
18,51,3
18,52,2
18,53,1
18,54,18
18,55,1
18,56,2
18,57,3
18,58,2
18,59,1
18,60,6
18,61,1
18,62,2
18,63,9
18,64,2
18,65,1
18,66,6
18,67,1
18,68,2
18,69,3
18,70,2
18,71,1
18,72,18
18,73,1
18,74,2
18,75,3
18,76,2
18,77,1
18,78,6
18,79,1
18,80,2
18,81,9
18,82,2
18,83,1
18,84,6
18,85,1
18,86,2
18,87,3
18,88,2
18,89,1
18,90,18
18,91,1
18,92,2
18,93,3
18,94,2
18,95,1
18,96,6
18,97,1
18,98,2
18,99,9
19,0,19
19,1,1
19,2,1
19,3,1
19,4,1
19,5,1
19,6,1
19,7,1
19,8,1
19,9,1
19,10,1
19,11,1
19,12,1
19,13,1
19,14,1
19,15,1
19,16,1
19,17,1
19,18,1
19,19,19
19,20,1
19,21,1
19,22,1
19,23,1
19,24,1
19,25,1
19,26,1
19,27,1
19,28,1
19,29,1
19,30,1
19,31,1
19,32,1
19,33,1
19,34,1
19,35,1
19,36,1
19,37,1
19,38,19
19,39,1
19,40,1
19,41,1
19,42,1
19,43,1
19,44,1
19,45,1
19,46,1
19,47,1
19,48,1
19,49,1
19,50,1
19,51,1
19,52,1
19,53,1
19,54,1
19,55,1
19,56,1
19,57,19
19,58,1
19,59,1
19,60,1
19,61,1
19,62,1
19,63,1
19,64,1
19,65,1
19,66,1
19,67,1
19,68,1
19,69,1
19,70,1
19,71,1
19,72,1
19,73,1
19,74,1
19,75,1
19,76,19
19,77,1
19,78,1
19,79,1
19,80,1
19,81,1
19,82,1
19,83,1
19,84,1
19,85,1
19,86,1
19,87,1
19,88,1
19,89,1
19,90,1
19,91,1
19,92,1
19,93,1
19,94,1
19,95,19
19,96,1
19,97,1
19,98,1
19,99,1
20,0,20
20,1,1
20,2,2
20,3,1
20,4,4
20,5,5
20,6,2
20,7,1
20,8,4
20,9,1
20,10,10
20,11,1
20,12,4
20,13,1
20,14,2
20,15,5
20,16,4
20,17,1
20,18,2
20,19,1
20,20,20
20,21,1
20,22,2
20,23,1
20,24,4
20,25,5
20,26,2
20,27,1
20,28,4
20,29,1
20,30,10
20,31,1
20,32,4
20,33,1
20,34,2
20,35,5
20,36,4
20,37,1
20,38,2
20,39,1
20,40,20
20,41,1
20,42,2
20,43,1
20,44,4
20,45,5
20,46,2
20,47,1
20,48,4
20,49,1
20,50,10
20,51,1
20,52,4
20,53,1
20,54,2
20,55,5
20,56,4
20,57,1
20,58,2
20,59,1
20,60,20
20,61,1
20,62,2
20,63,1
20,64,4
20,65,5
20,66,2
20,67,1
20,68,4
20,69,1
20,70,10
20,71,1
20,72,4
20,73,1
20,74,2
20,75,5
20,76,4
20,77,1
20,78,2
20,79,1
20,80,20
20,81,1
20,82,2
20,83,1
20,84,4
20,85,5
20,86,2
20,87,1
20,88,4
20,89,1
20,90,10
20,91,1
20,92,4
20,93,1
20,94,2
20,95,5
20,96,4
20,97,1
20,98,2
20,99,1
21,0,21
21,1,1
21,2,1
21,3,3
21,4,1
21,5,1
21,6,3
21,7,7
21,8,1
21,9,3
21,10,1
21,11,1
21,12,3
21,13,1
21,14,7
21,15,3
21,16,1
21,17,1
21,18,3
21,19,1
21,20,1
21,21,21
21,22,1
21,23,1
21,24,3
21,25,1
21,26,1
21,27,3
21,28,7
21,29,1
21,30,3
21,31,1
21,32,1
21,33,3
21,34,1
21,35,7
21,36,3
21,37,1
21,38,1
21,39,3
21,40,1
21,41,1
21,42,21
21,43,1
21,44,1
21,45,3
21,46,1
21,47,1
21,48,3
21,49,7
21,50,1
21,51,3
21,52,1
21,53,1
21,54,3
21,55,1
21,56,7
21,57,3
21,58,1
21,59,1
21,60,3
21,61,1
21,62,1
21,63,21
21,64,1
21,65,1
21,66,3
21,67,1
21,68,1
21,69,3
21,70,7
21,71,1
21,72,3
21,73,1
21,74,1
21,75,3
21,76,1
21,77,7
21,78,3
21,79,1
21,80,1
21,81,3
21,82,1
21,83,1
21,84,21
21,85,1
21,86,1
21,87,3
21,88,1
21,89,1
21,90,3
21,91,7
21,92,1
21,93,3
21,94,1
21,95,1
21,96,3
21,97,1
21,98,7
21,99,3
22,0,22
22,1,1
22,2,2
22,3,1
22,4,2
22,5,1
22,6,2
22,7,1
22,8,2
22,9,1
22,10,2
22,11,11
22,12,2
22,13,1
22,14,2
22,15,1
22,16,2
22,17,1
22,18,2
22,19,1
22,20,2
22,21,1
22,22,22
22,23,1
22,24,2
22,25,1
22,26,2
22,27,1
22,28,2
22,29,1
22,30,2
22,31,1
22,32,2
22,33,11
22,34,2
22,35,1
22,36,2
22,37,1
22,38,2
22,39,1
22,40,2
22,41,1
22,42,2
22,43,1
22,44,22
22,45,1
22,46,2
22,47,1
22,48,2
22,49,1
22,50,2
22,51,1
22,52,2
22,53,1
22,54,2
22,55,11
22,56,2
22,57,1
22,58,2
22,59,1
22,60,2
22,61,1
22,62,2
22,63,1
22,64,2
22,65,1
22,66,22
22,67,1
22,68,2
22,69,1
22,70,2
22,71,1
22,72,2
22,73,1
22,74,2
22,75,1
22,76,2
22,77,11
22,78,2
22,79,1
22,80,2
22,81,1
22,82,2
22,83,1
22,84,2
22,85,1
22,86,2
22,87,1
22,88,22
22,89,1
22,90,2
22,91,1
22,92,2
22,93,1
22,94,2
22,95,1
22,96,2
22,97,1
22,98,2
22,99,11
23,0,23
23,1,1
23,2,1
23,3,1
23,4,1
23,5,1
23,6,1
23,7,1
23,8,1
23,9,1
23,10,1
23,11,1
23,12,1
23,13,1
23,14,1
23,15,1
23,16,1
23,17,1
23,18,1
23,19,1
23,20,1
23,21,1
23,22,1
23,23,23
23,24,1
23,25,1
23,26,1
23,27,1
23,28,1
23,29,1
23,30,1
23,31,1
23,32,1
23,33,1
23,34,1
23,35,1
23,36,1
23,37,1
23,38,1
23,39,1
23,40,1
23,41,1
23,42,1
23,43,1
23,44,1
23,45,1
23,46,23
23,47,1
23,48,1
23,49,1
23,50,1
23,51,1
23,52,1
23,53,1
23,54,1
23,55,1
23,56,1
23,57,1
23,58,1
23,59,1
23,60,1
23,61,1
23,62,1
23,63,1
23,64,1
23,65,1
23,66,1
23,67,1
23,68,1
23,69,23
23,70,1
23,71,1
23,72,1
23,73,1
23,74,1
23,75,1
23,76,1
23,77,1
23,78,1
23,79,1
23,80,1
23,81,1
23,82,1
23,83,1
23,84,1
23,85,1
23,86,1
23,87,1
23,88,1
23,89,1
23,90,1
23,91,1
23,92,23
23,93,1
23,94,1
23,95,1
23,96,1
23,97,1
23,98,1
23,99,1
24,0,24
24,1,1
24,2,2
24,3,3
24,4,4
24,5,1
24,6,6
24,7,1
24,8,8
24,9,3
24,10,2
24,11,1
24,12,12
24,13,1
24,14,2
24,15,3
24,16,8
24,17,1
24,18,6
24,19,1
24,20,4
24,21,3
24,22,2
24,23,1
24,24,24
24,25,1
24,26,2
24,27,3
24,28,4
24,29,1
24,30,6
24,31,1
24,32,8
24,33,3
24,34,2
24,35,1
24,36,12
24,37,1
24,38,2
24,39,3
24,40,8
24,41,1
24,42,6
24,43,1
24,44,4
24,45,3
24,46,2
24,47,1
24,48,24
24,49,1
24,50,2
24,51,3
24,52,4
24,53,1
24,54,6
24,55,1
24,56,8
24,57,3
24,58,2
24,59,1
24,60,12
24,61,1
24,62,2
24,63,3
24,64,8
24,65,1
24,66,6
24,67,1
24,68,4
24,69,3
24,70,2
24,71,1
24,72,24
24,73,1
24,74,2
24,75,3
24,76,4
24,77,1
24,78,6
24,79,1
24,80,8
24,81,3
24,82,2
24,83,1
24,84,12
24,85,1
24,86,2
24,87,3
24,88,8
24,89,1
24,90,6
24,91,1
24,92,4
24,93,3
24,94,2
24,95,1
24,96,24
24,97,1
24,98,2
24,99,3
25,0,25
25,1,1
25,2,1
25,3,1
25,4,1
25,5,5
25,6,1
25,7,1
25,8,1
25,9,1
25,10,5
25,11,1
25,12,1
25,13,1
25,14,1
25,15,5
25,16,1
25,17,1
25,18,1
25,19,1
25,20,5
25,21,1
25,22,1
25,23,1
25,24,1
25,25,25
25,26,1
25,27,1
25,28,1
25,29,1
25,30,5
25,31,1
25,32,1
25,33,1
25,34,1
25,35,5
25,36,1
25,37,1
25,38,1
25,39,1
25,40,5
25,41,1
25,42,1
25,43,1
25,44,1
25,45,5
25,46,1
25,47,1
25,48,1
25,49,1
25,50,25
25,51,1
25,52,1
25,53,1
25,54,1
25,55,5
25,56,1
25,57,1
25,58,1
25,59,1
25,60,5
25,61,1
25,62,1
25,63,1
25,64,1
25,65,5
25,66,1
25,67,1
25,68,1
25,69,1
25,70,5
25,71,1
25,72,1
25,73,1
25,74,1
25,75,25
25,76,1
25,77,1
25,78,1
25,79,1
25,80,5
25,81,1
25,82,1
25,83,1
25,84,1
25,85,5
25,86,1
25,87,1
25,88,1
25,89,1
25,90,5
25,91,1
25,92,1
25,93,1
25,94,1
25,95,5
25,96,1
25,97,1
25,98,1
25,99,1
26,0,26
26,1,1
26,2,2
26,3,1
26,4,2
26,5,1
26,6,2
26,7,1
26,8,2
26,9,1
26,10,2
26,11,1
26,12,2
26,13,13
26,14,2
26,15,1
26,16,2
26,17,1
26,18,2
26,19,1
26,20,2
26,21,1
26,22,2
26,23,1
26,24,2
26,25,1
26,26,26
26,27,1
26,28,2
26,29,1
26,30,2
26,31,1
26,32,2
26,33,1
26,34,2
26,35,1
26,36,2
26,37,1
26,38,2
26,39,13
26,40,2
26,41,1
26,42,2
26,43,1
26,44,2
26,45,1
26,46,2
26,47,1
26,48,2
26,49,1
26,50,2
26,51,1
26,52,26
26,53,1
26,54,2
26,55,1
26,56,2
26,57,1
26,58,2
26,59,1
26,60,2
26,61,1
26,62,2
26,63,1
26,64,2
26,65,13
26,66,2
26,67,1
26,68,2
26,69,1
26,70,2
26,71,1
26,72,2
26,73,1
26,74,2
26,75,1
26,76,2
26,77,1
26,78,26
26,79,1
26,80,2
26,81,1
26,82,2
26,83,1
26,84,2
26,85,1
26,86,2
26,87,1
26,88,2
26,89,1
26,90,2
26,91,13
26,92,2
26,93,1
26,94,2
26,95,1
26,96,2
26,97,1
26,98,2
26,99,1
27,0,27
27,1,1
27,2,1
27,3,3
27,4,1
27,5,1
27,6,3
27,7,1
27,8,1
27,9,9
27,10,1
27,11,1
27,12,3
27,13,1
27,14,1
27,15,3
27,16,1
27,17,1
27,18,9
27,19,1
27,20,1
27,21,3
27,22,1
27,23,1
27,24,3
27,25,1
27,26,1
27,27,27
27,28,1
27,29,1
27,30,3
27,31,1
27,32,1
27,33,3
27,34,1
27,35,1
27,36,9
27,37,1
27,38,1
27,39,3
27,40,1
27,41,1
27,42,3
27,43,1
27,44,1
27,45,9
27,46,1
27,47,1
27,48,3
27,49,1
27,50,1
27,51,3
27,52,1
27,53,1
27,54,27
27,55,1
27,56,1
27,57,3
27,58,1
27,59,1
27,60,3
27,61,1
27,62,1
27,63,9
27,64,1
27,65,1
27,66,3
27,67,1
27,68,1
27,69,3
27,70,1
27,71,1
27,72,9
27,73,1
27,74,1
27,75,3
27,76,1
27,77,1
27,78,3
27,79,1
27,80,1
27,81,27
27,82,1
27,83,1
27,84,3
27,85,1
27,86,1
27,87,3
27,88,1
27,89,1
27,90,9
27,91,1
27,92,1
27,93,3
27,94,1
27,95,1
27,96,3
27,97,1
27,98,1
27,99,9
28,0,28
28,1,1
28,2,2
28,3,1
28,4,4
28,5,1
28,6,2
28,7,7
28,8,4
28,9,1
28,10,2
28,11,1
28,12,4
28,13,1
28,14,14
28,15,1
28,16,4
28,17,1
28,18,2
28,19,1
28,20,4
28,21,7
28,22,2
28,23,1
28,24,4
28,25,1
28,26,2
28,27,1
28,28,28
28,29,1
28,30,2
28,31,1
28,32,4
28,33,1
28,34,2
28,35,7
28,36,4
28,37,1
28,38,2
28,39,1
28,40,4
28,41,1
28,42,14
28,43,1
28,44,4
28,45,1
28,46,2
28,47,1
28,48,4
28,49,7
28,50,2
28,51,1
28,52,4
28,53,1
28,54,2
28,55,1
28,56,28
28,57,1
28,58,2
28,59,1
28,60,4
28,61,1
28,62,2
28,63,7
28,64,4
28,65,1
28,66,2
28,67,1
28,68,4
28,69,1
28,70,14
28,71,1
28,72,4
28,73,1
28,74,2
28,75,1
28,76,4
28,77,7
28,78,2
28,79,1
28,80,4
28,81,1
28,82,2
28,83,1
28,84,28
28,85,1
28,86,2
28,87,1
28,88,4
28,89,1
28,90,2
28,91,7
28,92,4
28,93,1
28,94,2
28,95,1
28,96,4
28,97,1
28,98,14
28,99,1
29,0,29
29,1,1
29,2,1
29,3,1
29,4,1
29,5,1
29,6,1
29,7,1
29,8,1
29,9,1
29,10,1
29,11,1
29,12,1
29,13,1
29,14,1
29,15,1
29,16,1
29,17,1
29,18,1
29,19,1
29,20,1
29,21,1
29,22,1
29,23,1
29,24,1
29,25,1
29,26,1
29,27,1
29,28,1
29,29,29
29,30,1
29,31,1
29,32,1
29,33,1
29,34,1
29,35,1
29,36,1
29,37,1
29,38,1
29,39,1
29,40,1
29,41,1
29,42,1
29,43,1
29,44,1
29,45,1
29,46,1
29,47,1
29,48,1
29,49,1
29,50,1
29,51,1
29,52,1
29,53,1
29,54,1
29,55,1
29,56,1
29,57,1
29,58,29
29,59,1
29,60,1
29,61,1
29,62,1
29,63,1
29,64,1
29,65,1
29,66,1
29,67,1
29,68,1
29,69,1
29,70,1
29,71,1
29,72,1
29,73,1
29,74,1
29,75,1
29,76,1
29,77,1
29,78,1
29,79,1
29,80,1
29,81,1
29,82,1
29,83,1
29,84,1
29,85,1
29,86,1
29,87,29
29,88,1
29,89,1
29,90,1
29,91,1
29,92,1
29,93,1
29,94,1
29,95,1
29,96,1
29,97,1
29,98,1
29,99,1
30,0,30
30,1,1
30,2,2
30,3,3
30,4,2
30,5,5
30,6,6
30,7,1
30,8,2
30,9,3
30,10,10
30,11,1
30,12,6
30,13,1
30,14,2
30,15,15
30,16,2
30,17,1
30,18,6
30,19,1
30,20,10
30,21,3
30,22,2
30,23,1
30,24,6
30,25,5
30,26,2
30,27,3
30,28,2
30,29,1
30,30,30
30,31,1
30,32,2
30,33,3
30,34,2
30,35,5
30,36,6
30,37,1
30,38,2
30,39,3
30,40,10
30,41,1
30,42,6
30,43,1
30,44,2
30,45,15
30,46,2
30,47,1
30,48,6
30,49,1
30,50,10
30,51,3
30,52,2
30,53,1
30,54,6
30,55,5
30,56,2
30,57,3
30,58,2
30,59,1
30,60,30
30,61,1
30,62,2
30,63,3
30,64,2
30,65,5
30,66,6
30,67,1
30,68,2
30,69,3
30,70,10
30,71,1
30,72,6
30,73,1
30,74,2
30,75,15
30,76,2
30,77,1
30,78,6
30,79,1
30,80,10
30,81,3
30,82,2
30,83,1
30,84,6
30,85,5
30,86,2
30,87,3
30,88,2
30,89,1
30,90,30
30,91,1
30,92,2
30,93,3
30,94,2
30,95,5
30,96,6
30,97,1
30,98,2
30,99,3
31,0,31
31,1,1
31,2,1
31,3,1
31,4,1
31,5,1
31,6,1
31,7,1
31,8,1
31,9,1
31,10,1
31,11,1
31,12,1
31,13,1
31,14,1
31,15,1
31,16,1
31,17,1
31,18,1
31,19,1
31,20,1
31,21,1
31,22,1
31,23,1
31,24,1
31,25,1
31,26,1
31,27,1
31,28,1
31,29,1
31,30,1
31,31,31
31,32,1
31,33,1
31,34,1
31,35,1
31,36,1
31,37,1
31,38,1
31,39,1
31,40,1
31,41,1
31,42,1
31,43,1
31,44,1
31,45,1
31,46,1
31,47,1
31,48,1
31,49,1
31,50,1
31,51,1
31,52,1
31,53,1
31,54,1
31,55,1
31,56,1
31,57,1
31,58,1
31,59,1
31,60,1
31,61,1
31,62,31
31,63,1
31,64,1
31,65,1
31,66,1
31,67,1
31,68,1
31,69,1
31,70,1
31,71,1
31,72,1
31,73,1
31,74,1
31,75,1
31,76,1
31,77,1
31,78,1
31,79,1
31,80,1
31,81,1
31,82,1
31,83,1
31,84,1
31,85,1
31,86,1
31,87,1
31,88,1
31,89,1
31,90,1
31,91,1
31,92,1
31,93,31
31,94,1
31,95,1
31,96,1
31,97,1
31,98,1
31,99,1
32,0,32
32,1,1
32,2,2
32,3,1
32,4,4
32,5,1
32,6,2
32,7,1
32,8,8
32,9,1
32,10,2
32,11,1
32,12,4
32,13,1
32,14,2
32,15,1
32,16,16
32,17,1
32,18,2
32,19,1
32,20,4
32,21,1
32,22,2
32,23,1
32,24,8
32,25,1
32,26,2
32,27,1
32,28,4
32,29,1
32,30,2
32,31,1
32,32,32
32,33,1
32,34,2
32,35,1
32,36,4
32,37,1
32,38,2
32,39,1
32,40,8
32,41,1
32,42,2
32,43,1
32,44,4
32,45,1
32,46,2
32,47,1
32,48,16
32,49,1
32,50,2
32,51,1
32,52,4
32,53,1
32,54,2
32,55,1
32,56,8
32,57,1
32,58,2
32,59,1
32,60,4
32,61,1
32,62,2
32,63,1
32,64,32
32,65,1
32,66,2
32,67,1
32,68,4
32,69,1
32,70,2
32,71,1
32,72,8
32,73,1
32,74,2
32,75,1
32,76,4
32,77,1
32,78,2
32,79,1
32,80,16
32,81,1
32,82,2
32,83,1
32,84,4
32,85,1
32,86,2
32,87,1
32,88,8
32,89,1
32,90,2
32,91,1
32,92,4
32,93,1
32,94,2
32,95,1
32,96,32
32,97,1
32,98,2
32,99,1
33,0,33
33,1,1
33,2,1
33,3,3
33,4,1
33,5,1
33,6,3
33,7,1
33,8,1
33,9,3
33,10,1
33,11,11
33,12,3
33,13,1
33,14,1
33,15,3
33,16,1
33,17,1
33,18,3
33,19,1
33,20,1
33,21,3
33,22,11
33,23,1
33,24,3
33,25,1
33,26,1
33,27,3
33,28,1
33,29,1
33,30,3
33,31,1
33,32,1
33,33,33
33,34,1
33,35,1
33,36,3
33,37,1
33,38,1
33,39,3
33,40,1
33,41,1
33,42,3
33,43,1
33,44,11
33,45,3
33,46,1
33,47,1
33,48,3
33,49,1
33,50,1
33,51,3
33,52,1
33,53,1
33,54,3
33,55,11
33,56,1
33,57,3
33,58,1
33,59,1
33,60,3
33,61,1
33,62,1
33,63,3
33,64,1
33,65,1
33,66,33
33,67,1
33,68,1
33,69,3
33,70,1
33,71,1
33,72,3
33,73,1
33,74,1
33,75,3
33,76,1
33,77,11
33,78,3
33,79,1
33,80,1
33,81,3
33,82,1
33,83,1
33,84,3
33,85,1
33,86,1
33,87,3
33,88,11
33,89,1
33,90,3
33,91,1
33,92,1
33,93,3
33,94,1
33,95,1
33,96,3
33,97,1
33,98,1
33,99,33
34,0,34
34,1,1
34,2,2
34,3,1
34,4,2
34,5,1
34,6,2
34,7,1
34,8,2
34,9,1
34,10,2
34,11,1
34,12,2
34,13,1
34,14,2
34,15,1
34,16,2
34,17,17
34,18,2
34,19,1
34,20,2
34,21,1
34,22,2
34,23,1
34,24,2
34,25,1
34,26,2
34,27,1
34,28,2
34,29,1
34,30,2
34,31,1
34,32,2
34,33,1
34,34,34
34,35,1
34,36,2
34,37,1
34,38,2
34,39,1
34,40,2
34,41,1
34,42,2
34,43,1
34,44,2
34,45,1
34,46,2
34,47,1
34,48,2
34,49,1
34,50,2
34,51,17
34,52,2
34,53,1
34,54,2
34,55,1
34,56,2
34,57,1
34,58,2
34,59,1
34,60,2
34,61,1
34,62,2
34,63,1
34,64,2
34,65,1
34,66,2
34,67,1
34,68,34
34,69,1
34,70,2
34,71,1
34,72,2
34,73,1
34,74,2
34,75,1
34,76,2
34,77,1
34,78,2
34,79,1
34,80,2
34,81,1
34,82,2
34,83,1
34,84,2
34,85,17
34,86,2
34,87,1
34,88,2
34,89,1
34,90,2
34,91,1
34,92,2
34,93,1
34,94,2
34,95,1
34,96,2
34,97,1
34,98,2
34,99,1
35,0,35
35,1,1
35,2,1
35,3,1
35,4,1
35,5,5
35,6,1
35,7,7
35,8,1
35,9,1
35,10,5
35,11,1
35,12,1
35,13,1
35,14,7
35,15,5
35,16,1
35,17,1
35,18,1
35,19,1
35,20,5
35,21,7
35,22,1
35,23,1
35,24,1
35,25,5
35,26,1
35,27,1
35,28,7
35,29,1
35,30,5
35,31,1
35,32,1
35,33,1
35,34,1
35,35,35
35,36,1
35,37,1
35,38,1
35,39,1
35,40,5
35,41,1
35,42,7
35,43,1
35,44,1
35,45,5
35,46,1
35,47,1
35,48,1
35,49,7
35,50,5
35,51,1
35,52,1
35,53,1
35,54,1
35,55,5
35,56,7
35,57,1
35,58,1
35,59,1
35,60,5
35,61,1
35,62,1
35,63,7
35,64,1
35,65,5
35,66,1
35,67,1
35,68,1
35,69,1
35,70,35
35,71,1
35,72,1
35,73,1
35,74,1
35,75,5
35,76,1
35,77,7
35,78,1
35,79,1
35,80,5
35,81,1
35,82,1
35,83,1
35,84,7
35,85,5
35,86,1
35,87,1
35,88,1
35,89,1
35,90,5
35,91,7
35,92,1
35,93,1
35,94,1
35,95,5
35,96,1
35,97,1
35,98,7
35,99,1
36,0,36
36,1,1
36,2,2
36,3,3
36,4,4
36,5,1
36,6,6
36,7,1
36,8,4
36,9,9
36,10,2
36,11,1
36,12,12
36,13,1
36,14,2
36,15,3
36,16,4
36,17,1
36,18,18
36,19,1
36,20,4
36,21,3
36,22,2
36,23,1
36,24,12
36,25,1
36,26,2
36,27,9
36,28,4
36,29,1
36,30,6
36,31,1
36,32,4
36,33,3
36,34,2
36,35,1
36,36,36
36,37,1
36,38,2
36,39,3
36,40,4
36,41,1
36,42,6
36,43,1
36,44,4
36,45,9
36,46,2
36,47,1
36,48,12
36,49,1
36,50,2
36,51,3
36,52,4
36,53,1
36,54,18
36,55,1
36,56,4
36,57,3
36,58,2
36,59,1
36,60,12
36,61,1
36,62,2
36,63,9
36,64,4
36,65,1
36,66,6
36,67,1
36,68,4
36,69,3
36,70,2
36,71,1
36,72,36
36,73,1
36,74,2
36,75,3
36,76,4
36,77,1
36,78,6
36,79,1
36,80,4
36,81,9
36,82,2
36,83,1
36,84,12
36,85,1
36,86,2
36,87,3
36,88,4
36,89,1
36,90,18
36,91,1
36,92,4
36,93,3
36,94,2
36,95,1
36,96,12
36,97,1
36,98,2
36,99,9
37,0,37
37,1,1
37,2,1
37,3,1
37,4,1
37,5,1
37,6,1
37,7,1
37,8,1
37,9,1
37,10,1
37,11,1
37,12,1
37,13,1
37,14,1
37,15,1
37,16,1
37,17,1
37,18,1
37,19,1
37,20,1
37,21,1
37,22,1
37,23,1
37,24,1
37,25,1
37,26,1
37,27,1
37,28,1
37,29,1
37,30,1
37,31,1
37,32,1
37,33,1
37,34,1
37,35,1
37,36,1
37,37,37
37,38,1
37,39,1
37,40,1
37,41,1
37,42,1
37,43,1
37,44,1
37,45,1
37,46,1
37,47,1
37,48,1
37,49,1
37,50,1
37,51,1
37,52,1
37,53,1
37,54,1
37,55,1
37,56,1
37,57,1
37,58,1
37,59,1
37,60,1
37,61,1
37,62,1
37,63,1
37,64,1
37,65,1
37,66,1
37,67,1
37,68,1
37,69,1
37,70,1
37,71,1
37,72,1
37,73,1
37,74,37
37,75,1
37,76,1
37,77,1
37,78,1
37,79,1
37,80,1
37,81,1
37,82,1
37,83,1
37,84,1
37,85,1
37,86,1
37,87,1
37,88,1
37,89,1
37,90,1
37,91,1
37,92,1
37,93,1
37,94,1
37,95,1
37,96,1
37,97,1
37,98,1
37,99,1
38,0,38
38,1,1
38,2,2
38,3,1
38,4,2
38,5,1
38,6,2
38,7,1
38,8,2
38,9,1
38,10,2
38,11,1
38,12,2
38,13,1
38,14,2
38,15,1
38,16,2
38,17,1
38,18,2
38,19,19
38,20,2
38,21,1
38,22,2
38,23,1
38,24,2
38,25,1
38,26,2
38,27,1
38,28,2
38,29,1
38,30,2
38,31,1
38,32,2
38,33,1
38,34,2
38,35,1
38,36,2
38,37,1
38,38,38
38,39,1
38,40,2
38,41,1
38,42,2
38,43,1
38,44,2
38,45,1
38,46,2
38,47,1
38,48,2
38,49,1
38,50,2
38,51,1
38,52,2
38,53,1
38,54,2
38,55,1
38,56,2
38,57,19
38,58,2
38,59,1
38,60,2
38,61,1
38,62,2
38,63,1
38,64,2
38,65,1
38,66,2
38,67,1
38,68,2
38,69,1
38,70,2
38,71,1
38,72,2
38,73,1
38,74,2
38,75,1
38,76,38
38,77,1
38,78,2
38,79,1
38,80,2
38,81,1
38,82,2
38,83,1
38,84,2
38,85,1
38,86,2
38,87,1
38,88,2
38,89,1
38,90,2
38,91,1
38,92,2
38,93,1
38,94,2
38,95,19
38,96,2
38,97,1
38,98,2
38,99,1
39,0,39
39,1,1
39,2,1
39,3,3
39,4,1
39,5,1
39,6,3
39,7,1
39,8,1
39,9,3
39,10,1
39,11,1
39,12,3
39,13,13
39,14,1
39,15,3
39,16,1
39,17,1
39,18,3
39,19,1
39,20,1
39,21,3
39,22,1
39,23,1
39,24,3
39,25,1
39,26,13
39,27,3
39,28,1
39,29,1
39,30,3
39,31,1
39,32,1
39,33,3
39,34,1
39,35,1
39,36,3
39,37,1
39,38,1
39,39,39
39,40,1
39,41,1
39,42,3
39,43,1
39,44,1
39,45,3
39,46,1
39,47,1
39,48,3
39,49,1
39,50,1
39,51,3
39,52,13
39,53,1
39,54,3
39,55,1
39,56,1
39,57,3
39,58,1
39,59,1
39,60,3
39,61,1
39,62,1
39,63,3
39,64,1
39,65,13
39,66,3
39,67,1
39,68,1
39,69,3
39,70,1
39,71,1
39,72,3
39,73,1
39,74,1
39,75,3
39,76,1
39,77,1
39,78,39
39,79,1
39,80,1
39,81,3
39,82,1
39,83,1
39,84,3
39,85,1
39,86,1
39,87,3
39,88,1
39,89,1
39,90,3
39,91,13
39,92,1
39,93,3
39,94,1
39,95,1
39,96,3
39,97,1
39,98,1
39,99,3
40,0,40
40,1,1
40,2,2
40,3,1
40,4,4
40,5,5
40,6,2
40,7,1
40,8,8
40,9,1
40,10,10
40,11,1
40,12,4
40,13,1
40,14,2
40,15,5
40,16,8
40,17,1
40,18,2
40,19,1
40,20,20
40,21,1
40,22,2
40,23,1
40,24,8
40,25,5
40,26,2
40,27,1
40,28,4
40,29,1
40,30,10
40,31,1
40,32,8
40,33,1
40,34,2
40,35,5
40,36,4
40,37,1
40,38,2
40,39,1
40,40,40
40,41,1
40,42,2
40,43,1
40,44,4
40,45,5
40,46,2
40,47,1
40,48,8
40,49,1
40,50,10
40,51,1
40,52,4
40,53,1
40,54,2
40,55,5
40,56,8
40,57,1
40,58,2
40,59,1
40,60,20
40,61,1
40,62,2
40,63,1
40,64,8
40,65,5
40,66,2
40,67,1
40,68,4
40,69,1
40,70,10
40,71,1
40,72,8
40,73,1
40,74,2
40,75,5
40,76,4
40,77,1
40,78,2
40,79,1
40,80,40
40,81,1
40,82,2
40,83,1
40,84,4
40,85,5
40,86,2
40,87,1
40,88,8
40,89,1
40,90,10
40,91,1
40,92,4
40,93,1
40,94,2
40,95,5
40,96,8
40,97,1
40,98,2
40,99,1
41,0,41
41,1,1
41,2,1
41,3,1
41,4,1
41,5,1
41,6,1
41,7,1
41,8,1
41,9,1
41,10,1
41,11,1
41,12,1
41,13,1
41,14,1
41,15,1
41,16,1
41,17,1
41,18,1
41,19,1
41,20,1
41,21,1
41,22,1
41,23,1
41,24,1
41,25,1
41,26,1
41,27,1
41,28,1
41,29,1
41,30,1
41,31,1
41,32,1
41,33,1
41,34,1
41,35,1
41,36,1
41,37,1
41,38,1
41,39,1
41,40,1
41,41,41
41,42,1
41,43,1
41,44,1
41,45,1
41,46,1
41,47,1
41,48,1
41,49,1
41,50,1
41,51,1
41,52,1
41,53,1
41,54,1
41,55,1
41,56,1
41,57,1
41,58,1
41,59,1
41,60,1
41,61,1
41,62,1
41,63,1
41,64,1
41,65,1
41,66,1
41,67,1
41,68,1
41,69,1
41,70,1
41,71,1
41,72,1
41,73,1
41,74,1
41,75,1
41,76,1
41,77,1
41,78,1
41,79,1
41,80,1
41,81,1
41,82,41
41,83,1
41,84,1
41,85,1
41,86,1
41,87,1
41,88,1
41,89,1
41,90,1
41,91,1
41,92,1
41,93,1
41,94,1
41,95,1
41,96,1
41,97,1
41,98,1
41,99,1
42,0,42
42,1,1
42,2,2
42,3,3
42,4,2
42,5,1
42,6,6
42,7,7
42,8,2
42,9,3
42,10,2
42,11,1
42,12,6
42,13,1
42,14,14
42,15,3
42,16,2
42,17,1
42,18,6
42,19,1
42,20,2
42,21,21
42,22,2
42,23,1
42,24,6
42,25,1
42,26,2
42,27,3
42,28,14
42,29,1
42,30,6
42,31,1
42,32,2
42,33,3
42,34,2
42,35,7
42,36,6
42,37,1
42,38,2
42,39,3
42,40,2
42,41,1
42,42,42
42,43,1
42,44,2
42,45,3
42,46,2
42,47,1
42,48,6
42,49,7
42,50,2
42,51,3
42,52,2
42,53,1
42,54,6
42,55,1
42,56,14
42,57,3
42,58,2
42,59,1
42,60,6
42,61,1
42,62,2
42,63,21
42,64,2
42,65,1
42,66,6
42,67,1
42,68,2
42,69,3
42,70,14
42,71,1
42,72,6
42,73,1
42,74,2
42,75,3
42,76,2
42,77,7
42,78,6
42,79,1
42,80,2
42,81,3
42,82,2
42,83,1
42,84,42
42,85,1
42,86,2
42,87,3
42,88,2
42,89,1
42,90,6
42,91,7
42,92,2
42,93,3
42,94,2
42,95,1
42,96,6
42,97,1
42,98,14
42,99,3
43,0,43
43,1,1
43,2,1
43,3,1
43,4,1
43,5,1
43,6,1
43,7,1
43,8,1
43,9,1
43,10,1
43,11,1
43,12,1
43,13,1
43,14,1
43,15,1
43,16,1
43,17,1
43,18,1
43,19,1
43,20,1
43,21,1
43,22,1
43,23,1
43,24,1
43,25,1
43,26,1
43,27,1
43,28,1
43,29,1
43,30,1
43,31,1
43,32,1
43,33,1
43,34,1
43,35,1
43,36,1
43,37,1
43,38,1
43,39,1
43,40,1
43,41,1
43,42,1
43,43,43
43,44,1
43,45,1
43,46,1
43,47,1
43,48,1
43,49,1
43,50,1
43,51,1
43,52,1
43,53,1
43,54,1
43,55,1
43,56,1
43,57,1
43,58,1
43,59,1
43,60,1
43,61,1
43,62,1
43,63,1
43,64,1
43,65,1
43,66,1
43,67,1
43,68,1
43,69,1
43,70,1
43,71,1
43,72,1
43,73,1
43,74,1
43,75,1
43,76,1
43,77,1
43,78,1
43,79,1
43,80,1
43,81,1
43,82,1
43,83,1
43,84,1
43,85,1
43,86,43
43,87,1
43,88,1
43,89,1
43,90,1
43,91,1
43,92,1
43,93,1
43,94,1
43,95,1
43,96,1
43,97,1
43,98,1
43,99,1
44,0,44
44,1,1
44,2,2
44,3,1
44,4,4
44,5,1
44,6,2
44,7,1
44,8,4
44,9,1
44,10,2
44,11,11
44,12,4
44,13,1
44,14,2
44,15,1
44,16,4
44,17,1
44,18,2
44,19,1
44,20,4
44,21,1
44,22,22
44,23,1
44,24,4
44,25,1
44,26,2
44,27,1
44,28,4
44,29,1
44,30,2
44,31,1
44,32,4
44,33,11
44,34,2
44,35,1
44,36,4
44,37,1
44,38,2
44,39,1
44,40,4
44,41,1
44,42,2
44,43,1
44,44,44
44,45,1
44,46,2
44,47,1
44,48,4
44,49,1
44,50,2
44,51,1
44,52,4
44,53,1
44,54,2
44,55,11
44,56,4
44,57,1
44,58,2
44,59,1
44,60,4
44,61,1
44,62,2
44,63,1
44,64,4
44,65,1
44,66,22
44,67,1
44,68,4
44,69,1
44,70,2
44,71,1
44,72,4
44,73,1
44,74,2
44,75,1
44,76,4
44,77,11
44,78,2
44,79,1
44,80,4
44,81,1
44,82,2
44,83,1
44,84,4
44,85,1
44,86,2
44,87,1
44,88,44
44,89,1
44,90,2
44,91,1
44,92,4
44,93,1
44,94,2
44,95,1
44,96,4
44,97,1
44,98,2
44,99,11
45,0,45
45,1,1
45,2,1
45,3,3
45,4,1
45,5,5
45,6,3
45,7,1
45,8,1
45,9,9
45,10,5
45,11,1
45,12,3
45,13,1
45,14,1
45,15,15
45,16,1
45,17,1
45,18,9
45,19,1
45,20,5
45,21,3
45,22,1
45,23,1
45,24,3
45,25,5
45,26,1
45,27,9
45,28,1
45,29,1
45,30,15
45,31,1
45,32,1
45,33,3
45,34,1
45,35,5
45,36,9
45,37,1
45,38,1
45,39,3
45,40,5
45,41,1
45,42,3
45,43,1
45,44,1
45,45,45
45,46,1
45,47,1
45,48,3
45,49,1
45,50,5
45,51,3
45,52,1
45,53,1
45,54,9
45,55,5
45,56,1
45,57,3
45,58,1
45,59,1
45,60,15
45,61,1
45,62,1
45,63,9
45,64,1
45,65,5
45,66,3
45,67,1
45,68,1
45,69,3
45,70,5
45,71,1
45,72,9
45,73,1
45,74,1
45,75,15
45,76,1
45,77,1
45,78,3
45,79,1
45,80,5
45,81,9
45,82,1
45,83,1
45,84,3
45,85,5
45,86,1
45,87,3
45,88,1
45,89,1
45,90,45
45,91,1
45,92,1
45,93,3
45,94,1
45,95,5
45,96,3
45,97,1
45,98,1
45,99,9
46,0,46
46,1,1
46,2,2
46,3,1
46,4,2
46,5,1
46,6,2
46,7,1
46,8,2
46,9,1
46,10,2
46,11,1
46,12,2
46,13,1
46,14,2
46,15,1
46,16,2
46,17,1
46,18,2
46,19,1
46,20,2
46,21,1
46,22,2
46,23,23
46,24,2
46,25,1
46,26,2
46,27,1
46,28,2
46,29,1
46,30,2
46,31,1
46,32,2
46,33,1
46,34,2
46,35,1
46,36,2
46,37,1
46,38,2
46,39,1
46,40,2
46,41,1
46,42,2
46,43,1
46,44,2
46,45,1
46,46,46
46,47,1
46,48,2
46,49,1
46,50,2
46,51,1
46,52,2
46,53,1
46,54,2
46,55,1
46,56,2
46,57,1
46,58,2
46,59,1
46,60,2
46,61,1
46,62,2
46,63,1
46,64,2
46,65,1
46,66,2
46,67,1
46,68,2
46,69,23
46,70,2
46,71,1
46,72,2
46,73,1
46,74,2
46,75,1
46,76,2
46,77,1
46,78,2
46,79,1
46,80,2
46,81,1
46,82,2
46,83,1
46,84,2
46,85,1
46,86,2
46,87,1
46,88,2
46,89,1
46,90,2
46,91,1
46,92,46
46,93,1
46,94,2
46,95,1
46,96,2
46,97,1
46,98,2
46,99,1
47,0,47
47,1,1
47,2,1
47,3,1
47,4,1
47,5,1
47,6,1
47,7,1
47,8,1
47,9,1
47,10,1
47,11,1
47,12,1
47,13,1
47,14,1
47,15,1
47,16,1
47,17,1
47,18,1
47,19,1
47,20,1
47,21,1
47,22,1
47,23,1
47,24,1
47,25,1
47,26,1
47,27,1
47,28,1
47,29,1
47,30,1
47,31,1
47,32,1
47,33,1
47,34,1
47,35,1
47,36,1
47,37,1
47,38,1
47,39,1
47,40,1
47,41,1
47,42,1
47,43,1
47,44,1
47,45,1
47,46,1
47,47,47
47,48,1
47,49,1
47,50,1
47,51,1
47,52,1
47,53,1
47,54,1
47,55,1
47,56,1
47,57,1
47,58,1
47,59,1
47,60,1
47,61,1
47,62,1
47,63,1
47,64,1
47,65,1
47,66,1
47,67,1
47,68,1
47,69,1
47,70,1
47,71,1
47,72,1
47,73,1
47,74,1
47,75,1
47,76,1
47,77,1
47,78,1
47,79,1
47,80,1
47,81,1
47,82,1
47,83,1
47,84,1
47,85,1
47,86,1
47,87,1
47,88,1
47,89,1
47,90,1
47,91,1
47,92,1
47,93,1
47,94,47
47,95,1
47,96,1
47,97,1
47,98,1
47,99,1
48,0,48
48,1,1
48,2,2
48,3,3
48,4,4
48,5,1
48,6,6
48,7,1
48,8,8
48,9,3
48,10,2
48,11,1
48,12,12
48,13,1
48,14,2
48,15,3
48,16,16
48,17,1
48,18,6
48,19,1
48,20,4
48,21,3
48,22,2
48,23,1
48,24,24
48,25,1
48,26,2
48,27,3
48,28,4
48,29,1
48,30,6
48,31,1
48,32,16
48,33,3
48,34,2
48,35,1
48,36,12
48,37,1
48,38,2
48,39,3
48,40,8
48,41,1
48,42,6
48,43,1
48,44,4
48,45,3
48,46,2
48,47,1
48,48,48
48,49,1
48,50,2
48,51,3
48,52,4
48,53,1
48,54,6
48,55,1
48,56,8
48,57,3
48,58,2
48,59,1
48,60,12
48,61,1
48,62,2
48,63,3
48,64,16
48,65,1
48,66,6
48,67,1
48,68,4
48,69,3
48,70,2
48,71,1
48,72,24
48,73,1
48,74,2
48,75,3
48,76,4
48,77,1
48,78,6
48,79,1
48,80,16
48,81,3
48,82,2
48,83,1
48,84,12
48,85,1
48,86,2
48,87,3
48,88,8
48,89,1
48,90,6
48,91,1
48,92,4
48,93,3
48,94,2
48,95,1
48,96,48
48,97,1
48,98,2
48,99,3
49,0,49
49,1,1
49,2,1
49,3,1
49,4,1
49,5,1
49,6,1
49,7,7
49,8,1
49,9,1
49,10,1
49,11,1
49,12,1
49,13,1
49,14,7
49,15,1
49,16,1
49,17,1
49,18,1
49,19,1
49,20,1
49,21,7
49,22,1
49,23,1
49,24,1
49,25,1
49,26,1
49,27,1
49,28,7
49,29,1
49,30,1
49,31,1
49,32,1
49,33,1
49,34,1
49,35,7
49,36,1
49,37,1
49,38,1
49,39,1
49,40,1
49,41,1
49,42,7
49,43,1
49,44,1
49,45,1
49,46,1
49,47,1
49,48,1
49,49,49
49,50,1
49,51,1
49,52,1
49,53,1
49,54,1
49,55,1
49,56,7
49,57,1
49,58,1
49,59,1
49,60,1
49,61,1
49,62,1
49,63,7
49,64,1
49,65,1
49,66,1
49,67,1
49,68,1
49,69,1
49,70,7
49,71,1
49,72,1
49,73,1
49,74,1
49,75,1
49,76,1
49,77,7
49,78,1
49,79,1
49,80,1
49,81,1
49,82,1
49,83,1
49,84,7
49,85,1
49,86,1
49,87,1
49,88,1
49,89,1
49,90,1
49,91,7
49,92,1
49,93,1
49,94,1
49,95,1
49,96,1
49,97,1
49,98,49
49,99,1
50,0,50
50,1,1
50,2,2
50,3,1
50,4,2
50,5,5
50,6,2
50,7,1
50,8,2
50,9,1
50,10,10
50,11,1
50,12,2
50,13,1
50,14,2
50,15,5
50,16,2
50,17,1
50,18,2
50,19,1
50,20,10
50,21,1
50,22,2
50,23,1
50,24,2
50,25,25
50,26,2
50,27,1
50,28,2
50,29,1
50,30,10
50,31,1
50,32,2
50,33,1
50,34,2
50,35,5
50,36,2
50,37,1
50,38,2
50,39,1
50,40,10
50,41,1
50,42,2
50,43,1
50,44,2
50,45,5
50,46,2
50,47,1
50,48,2
50,49,1
50,50,50
50,51,1
50,52,2
50,53,1
50,54,2
50,55,5
50,56,2
50,57,1
50,58,2
50,59,1
50,60,10
50,61,1
50,62,2
50,63,1
50,64,2
50,65,5
50,66,2
50,67,1
50,68,2
50,69,1
50,70,10
50,71,1
50,72,2
50,73,1
50,74,2
50,75,25
50,76,2
50,77,1
50,78,2
50,79,1
50,80,10
50,81,1
50,82,2
50,83,1
50,84,2
50,85,5
50,86,2
50,87,1
50,88,2
50,89,1
50,90,10
50,91,1
50,92,2
50,93,1
50,94,2
50,95,5
50,96,2
50,97,1
50,98,2
50,99,1
51,0,51
51,1,1
51,2,1
51,3,3
51,4,1
51,5,1
51,6,3
51,7,1
51,8,1
51,9,3
51,10,1
51,11,1
51,12,3
51,13,1
51,14,1
51,15,3
51,16,1
51,17,17
51,18,3
51,19,1
51,20,1
51,21,3
51,22,1
51,23,1
51,24,3
51,25,1
51,26,1
51,27,3
51,28,1
51,29,1
51,30,3
51,31,1
51,32,1
51,33,3
51,34,17
51,35,1
51,36,3
51,37,1
51,38,1
51,39,3
51,40,1
51,41,1
51,42,3
51,43,1
51,44,1
51,45,3
51,46,1
51,47,1
51,48,3
51,49,1
51,50,1
51,51,51
51,52,1
51,53,1
51,54,3
51,55,1
51,56,1
51,57,3
51,58,1
51,59,1
51,60,3
51,61,1
51,62,1
51,63,3
51,64,1
51,65,1
51,66,3
51,67,1
51,68,17
51,69,3
51,70,1
51,71,1
51,72,3
51,73,1
51,74,1
51,75,3
51,76,1
51,77,1
51,78,3
51,79,1
51,80,1
51,81,3
51,82,1
51,83,1
51,84,3
51,85,17
51,86,1
51,87,3
51,88,1
51,89,1
51,90,3
51,91,1
51,92,1
51,93,3
51,94,1
51,95,1
51,96,3
51,97,1
51,98,1
51,99,3
52,0,52
52,1,1
52,2,2
52,3,1
52,4,4
52,5,1
52,6,2
52,7,1
52,8,4
52,9,1
52,10,2
52,11,1
52,12,4
52,13,13
52,14,2
52,15,1
52,16,4
52,17,1
52,18,2
52,19,1
52,20,4
52,21,1
52,22,2
52,23,1
52,24,4
52,25,1
52,26,26
52,27,1
52,28,4
52,29,1
52,30,2
52,31,1
52,32,4
52,33,1
52,34,2
52,35,1
52,36,4
52,37,1
52,38,2
52,39,13
52,40,4
52,41,1
52,42,2
52,43,1
52,44,4
52,45,1
52,46,2
52,47,1
52,48,4
52,49,1
52,50,2
52,51,1
52,52,52
52,53,1
52,54,2
52,55,1
52,56,4
52,57,1
52,58,2
52,59,1
52,60,4
52,61,1
52,62,2
52,63,1
52,64,4
52,65,13
52,66,2
52,67,1
52,68,4
52,69,1
52,70,2
52,71,1
52,72,4
52,73,1
52,74,2
52,75,1
52,76,4
52,77,1
52,78,26
52,79,1
52,80,4
52,81,1
52,82,2
52,83,1
52,84,4
52,85,1
52,86,2
52,87,1
52,88,4
52,89,1
52,90,2
52,91,13
52,92,4
52,93,1
52,94,2
52,95,1
52,96,4
52,97,1
52,98,2
52,99,1
53,0,53
53,1,1
53,2,1
53,3,1
53,4,1
53,5,1
53,6,1
53,7,1
53,8,1
53,9,1
53,10,1
53,11,1
53,12,1
53,13,1
53,14,1
53,15,1
53,16,1
53,17,1
53,18,1
53,19,1
53,20,1
53,21,1
53,22,1
53,23,1
53,24,1
53,25,1
53,26,1
53,27,1
53,28,1
53,29,1
53,30,1
53,31,1
53,32,1
53,33,1
53,34,1
53,35,1
53,36,1
53,37,1
53,38,1
53,39,1
53,40,1
53,41,1
53,42,1
53,43,1
53,44,1
53,45,1
53,46,1
53,47,1
53,48,1
53,49,1
53,50,1
53,51,1
53,52,1
53,53,53
53,54,1
53,55,1
53,56,1
53,57,1
53,58,1
53,59,1
53,60,1
53,61,1
53,62,1
53,63,1
53,64,1
53,65,1
53,66,1
53,67,1
53,68,1
53,69,1
53,70,1
53,71,1
53,72,1
53,73,1
53,74,1
53,75,1
53,76,1
53,77,1
53,78,1
53,79,1
53,80,1
53,81,1
53,82,1
53,83,1
53,84,1
53,85,1
53,86,1
53,87,1
53,88,1
53,89,1
53,90,1
53,91,1
53,92,1
53,93,1
53,94,1
53,95,1
53,96,1
53,97,1
53,98,1
53,99,1
54,0,54
54,1,1
54,2,2
54,3,3
54,4,2
54,5,1
54,6,6
54,7,1
54,8,2
54,9,9
54,10,2
54,11,1
54,12,6
54,13,1
54,14,2
54,15,3
54,16,2
54,17,1
54,18,18
54,19,1
54,20,2
54,21,3
54,22,2
54,23,1
54,24,6
54,25,1
54,26,2
54,27,27
54,28,2
54,29,1
54,30,6
54,31,1
54,32,2
54,33,3
54,34,2
54,35,1
54,36,18
54,37,1
54,38,2
54,39,3
54,40,2
54,41,1
54,42,6
54,43,1
54,44,2
54,45,9
54,46,2
54,47,1
54,48,6
54,49,1
54,50,2
54,51,3
54,52,2
54,53,1
54,54,54
54,55,1
54,56,2
54,57,3
54,58,2
54,59,1
54,60,6
54,61,1
54,62,2
54,63,9
54,64,2
54,65,1
54,66,6
54,67,1
54,68,2
54,69,3
54,70,2
54,71,1
54,72,18
54,73,1
54,74,2
54,75,3
54,76,2
54,77,1
54,78,6
54,79,1
54,80,2
54,81,27
54,82,2
54,83,1
54,84,6
54,85,1
54,86,2
54,87,3
54,88,2
54,89,1
54,90,18
54,91,1
54,92,2
54,93,3
54,94,2
54,95,1
54,96,6
54,97,1
54,98,2
54,99,9
55,0,55
55,1,1
55,2,1
55,3,1
55,4,1
55,5,5
55,6,1
55,7,1
55,8,1
55,9,1
55,10,5
55,11,11
55,12,1
55,13,1
55,14,1
55,15,5
55,16,1
55,17,1
55,18,1
55,19,1
55,20,5
55,21,1
55,22,11
55,23,1
55,24,1
55,25,5
55,26,1
55,27,1
55,28,1
55,29,1
55,30,5
55,31,1
55,32,1
55,33,11
55,34,1
55,35,5
55,36,1
55,37,1
55,38,1
55,39,1
55,40,5
55,41,1
55,42,1
55,43,1
55,44,11
55,45,5
55,46,1
55,47,1
55,48,1
55,49,1
55,50,5
55,51,1
55,52,1
55,53,1
55,54,1
55,55,55
55,56,1
55,57,1
55,58,1
55,59,1
55,60,5
55,61,1
55,62,1
55,63,1
55,64,1
55,65,5
55,66,11
55,67,1
55,68,1
55,69,1
55,70,5
55,71,1
55,72,1
55,73,1
55,74,1
55,75,5
55,76,1
55,77,11
55,78,1
55,79,1
55,80,5
55,81,1
55,82,1
55,83,1
55,84,1
55,85,5
55,86,1
55,87,1
55,88,11
55,89,1
55,90,5
55,91,1
55,92,1
55,93,1
55,94,1
55,95,5
55,96,1
55,97,1
55,98,1
55,99,11
56,0,56
56,1,1
56,2,2
56,3,1
56,4,4
56,5,1
56,6,2
56,7,7
56,8,8
56,9,1
56,10,2
56,11,1
56,12,4
56,13,1
56,14,14
56,15,1
56,16,8
56,17,1
56,18,2
56,19,1
56,20,4
56,21,7
56,22,2
56,23,1
56,24,8
56,25,1
56,26,2
56,27,1
56,28,28
56,29,1
56,30,2
56,31,1
56,32,8
56,33,1
56,34,2
56,35,7
56,36,4
56,37,1
56,38,2
56,39,1
56,40,8
56,41,1
56,42,14
56,43,1
56,44,4
56,45,1
56,46,2
56,47,1
56,48,8
56,49,7
56,50,2
56,51,1
56,52,4
56,53,1
56,54,2
56,55,1
56,56,56
56,57,1
56,58,2
56,59,1
56,60,4
56,61,1
56,62,2
56,63,7
56,64,8
56,65,1
56,66,2
56,67,1
56,68,4
56,69,1
56,70,14
56,71,1
56,72,8
56,73,1
56,74,2
56,75,1
56,76,4
56,77,7
56,78,2
56,79,1
56,80,8
56,81,1
56,82,2
56,83,1
56,84,28
56,85,1
56,86,2
56,87,1
56,88,8
56,89,1
56,90,2
56,91,7
56,92,4
56,93,1
56,94,2
56,95,1
56,96,8
56,97,1
56,98,14
56,99,1
57,0,57
57,1,1
57,2,1
57,3,3
57,4,1
57,5,1
57,6,3
57,7,1
57,8,1
57,9,3
57,10,1
57,11,1
57,12,3
57,13,1
57,14,1
57,15,3
57,16,1
57,17,1
57,18,3
57,19,19
57,20,1
57,21,3
57,22,1
57,23,1
57,24,3
57,25,1
57,26,1
57,27,3
57,28,1
57,29,1
57,30,3
57,31,1
57,32,1
57,33,3
57,34,1
57,35,1
57,36,3
57,37,1
57,38,19
57,39,3
57,40,1
57,41,1
57,42,3
57,43,1
57,44,1
57,45,3
57,46,1
57,47,1
57,48,3
57,49,1
57,50,1
57,51,3
57,52,1
57,53,1
57,54,3
57,55,1
57,56,1
57,57,57
57,58,1
57,59,1
57,60,3
57,61,1
57,62,1
57,63,3
57,64,1
57,65,1
57,66,3
57,67,1
57,68,1
57,69,3
57,70,1
57,71,1
57,72,3
57,73,1
57,74,1
57,75,3
57,76,19
57,77,1
57,78,3
57,79,1
57,80,1
57,81,3
57,82,1
57,83,1
57,84,3
57,85,1
57,86,1
57,87,3
57,88,1
57,89,1
57,90,3
57,91,1
57,92,1
57,93,3
57,94,1
57,95,19
57,96,3
57,97,1
57,98,1
57,99,3
58,0,58
58,1,1
58,2,2
58,3,1
58,4,2
58,5,1
58,6,2
58,7,1
58,8,2
58,9,1
58,10,2
58,11,1
58,12,2
58,13,1
58,14,2
58,15,1
58,16,2
58,17,1
58,18,2
58,19,1
58,20,2
58,21,1
58,22,2
58,23,1
58,24,2
58,25,1
58,26,2
58,27,1
58,28,2
58,29,29
58,30,2
58,31,1
58,32,2
58,33,1
58,34,2
58,35,1
58,36,2
58,37,1
58,38,2
58,39,1
58,40,2
58,41,1
58,42,2
58,43,1
58,44,2
58,45,1
58,46,2
58,47,1
58,48,2
58,49,1
58,50,2
58,51,1
58,52,2
58,53,1
58,54,2
58,55,1
58,56,2
58,57,1
58,58,58
58,59,1
58,60,2
58,61,1
58,62,2
58,63,1
58,64,2
58,65,1
58,66,2
58,67,1
58,68,2
58,69,1
58,70,2
58,71,1
58,72,2
58,73,1
58,74,2
58,75,1
58,76,2
58,77,1
58,78,2
58,79,1
58,80,2
58,81,1
58,82,2
58,83,1
58,84,2
58,85,1
58,86,2
58,87,29
58,88,2
58,89,1
58,90,2
58,91,1
58,92,2
58,93,1
58,94,2
58,95,1
58,96,2
58,97,1
58,98,2
58,99,1
59,0,59
59,1,1
59,2,1
59,3,1
59,4,1
59,5,1
59,6,1
59,7,1
59,8,1
59,9,1
59,10,1
59,11,1
59,12,1
59,13,1
59,14,1
59,15,1
59,16,1
59,17,1
59,18,1
59,19,1
59,20,1
59,21,1
59,22,1
59,23,1
59,24,1
59,25,1
59,26,1
59,27,1
59,28,1
59,29,1
59,30,1
59,31,1
59,32,1
59,33,1
59,34,1
59,35,1
59,36,1
59,37,1
59,38,1
59,39,1
59,40,1
59,41,1
59,42,1
59,43,1
59,44,1
59,45,1
59,46,1
59,47,1
59,48,1
59,49,1
59,50,1
59,51,1
59,52,1
59,53,1
59,54,1
59,55,1
59,56,1
59,57,1
59,58,1
59,59,59
59,60,1
59,61,1
59,62,1
59,63,1
59,64,1
59,65,1
59,66,1
59,67,1
59,68,1
59,69,1
59,70,1
59,71,1
59,72,1
59,73,1
59,74,1
59,75,1
59,76,1
59,77,1
59,78,1
59,79,1
59,80,1
59,81,1
59,82,1
59,83,1
59,84,1
59,85,1
59,86,1
59,87,1
59,88,1
59,89,1
59,90,1
59,91,1
59,92,1
59,93,1
59,94,1
59,95,1
59,96,1
59,97,1
59,98,1
59,99,1
60,0,60
60,1,1
60,2,2
60,3,3
60,4,4
60,5,5
60,6,6
60,7,1
60,8,4
60,9,3
60,10,10
60,11,1
60,12,12
60,13,1
60,14,2
60,15,15
60,16,4
60,17,1
60,18,6
60,19,1
60,20,20
60,21,3
60,22,2
60,23,1
60,24,12
60,25,5
60,26,2
60,27,3
60,28,4
60,29,1
60,30,30
60,31,1
60,32,4
60,33,3
60,34,2
60,35,5
60,36,12
60,37,1
60,38,2
60,39,3
60,40,20
60,41,1
60,42,6
60,43,1
60,44,4
60,45,15
60,46,2
60,47,1
60,48,12
60,49,1
60,50,10
60,51,3
60,52,4
60,53,1
60,54,6
60,55,5
60,56,4
60,57,3
60,58,2
60,59,1
60,60,60
60,61,1
60,62,2
60,63,3
60,64,4
60,65,5
60,66,6
60,67,1
60,68,4
60,69,3
60,70,10
60,71,1
60,72,12
60,73,1
60,74,2
60,75,15
60,76,4
60,77,1
60,78,6
60,79,1
60,80,20
60,81,3
60,82,2
60,83,1
60,84,12
60,85,5
60,86,2
60,87,3
60,88,4
60,89,1
60,90,30
60,91,1
60,92,4
60,93,3
60,94,2
60,95,5
60,96,12
60,97,1
60,98,2
60,99,3
61,0,61
61,1,1
61,2,1
61,3,1
61,4,1
61,5,1
61,6,1
61,7,1
61,8,1
61,9,1
61,10,1
61,11,1
61,12,1
61,13,1
61,14,1
61,15,1
61,16,1
61,17,1
61,18,1
61,19,1
61,20,1
61,21,1
61,22,1
61,23,1
61,24,1
61,25,1
61,26,1
61,27,1
61,28,1
61,29,1
61,30,1
61,31,1
61,32,1
61,33,1
61,34,1
61,35,1
61,36,1
61,37,1
61,38,1
61,39,1
61,40,1
61,41,1
61,42,1
61,43,1
61,44,1
61,45,1
61,46,1
61,47,1
61,48,1
61,49,1
61,50,1
61,51,1
61,52,1
61,53,1
61,54,1
61,55,1
61,56,1
61,57,1
61,58,1
61,59,1
61,60,1
61,61,61
61,62,1
61,63,1
61,64,1
61,65,1
61,66,1
61,67,1
61,68,1
61,69,1
61,70,1
61,71,1
61,72,1
61,73,1
61,74,1
61,75,1
61,76,1
61,77,1
61,78,1
61,79,1
61,80,1
61,81,1
61,82,1
61,83,1
61,84,1
61,85,1
61,86,1
61,87,1
61,88,1
61,89,1
61,90,1
61,91,1
61,92,1
61,93,1
61,94,1
61,95,1
61,96,1
61,97,1
61,98,1
61,99,1
62,0,62
62,1,1
62,2,2
62,3,1
62,4,2
62,5,1
62,6,2
62,7,1
62,8,2
62,9,1
62,10,2
62,11,1
62,12,2
62,13,1
62,14,2
62,15,1
62,16,2
62,17,1
62,18,2
62,19,1
62,20,2
62,21,1
62,22,2
62,23,1
62,24,2
62,25,1
62,26,2
62,27,1
62,28,2
62,29,1
62,30,2
62,31,31
62,32,2
62,33,1
62,34,2
62,35,1
62,36,2
62,37,1
62,38,2
62,39,1
62,40,2
62,41,1
62,42,2
62,43,1
62,44,2
62,45,1
62,46,2
62,47,1
62,48,2
62,49,1
62,50,2
62,51,1
62,52,2
62,53,1
62,54,2
62,55,1
62,56,2
62,57,1
62,58,2
62,59,1
62,60,2
62,61,1
62,62,62
62,63,1
62,64,2
62,65,1
62,66,2
62,67,1
62,68,2
62,69,1
62,70,2
62,71,1
62,72,2
62,73,1
62,74,2
62,75,1
62,76,2
62,77,1
62,78,2
62,79,1
62,80,2
62,81,1
62,82,2
62,83,1
62,84,2
62,85,1
62,86,2
62,87,1
62,88,2
62,89,1
62,90,2
62,91,1
62,92,2
62,93,31
62,94,2
62,95,1
62,96,2
62,97,1
62,98,2
62,99,1
63,0,63
63,1,1
63,2,1
63,3,3
63,4,1
63,5,1
63,6,3
63,7,7
63,8,1
63,9,9
63,10,1
63,11,1
63,12,3
63,13,1
63,14,7
63,15,3
63,16,1
63,17,1
63,18,9
63,19,1
63,20,1
63,21,21
63,22,1
63,23,1
63,24,3
63,25,1
63,26,1
63,27,9
63,28,7
63,29,1
63,30,3
63,31,1
63,32,1
63,33,3
63,34,1
63,35,7
63,36,9
63,37,1
63,38,1
63,39,3
63,40,1
63,41,1
63,42,21
63,43,1
63,44,1
63,45,9
63,46,1
63,47,1
63,48,3
63,49,7
63,50,1
63,51,3
63,52,1
63,53,1
63,54,9
63,55,1
63,56,7
63,57,3
63,58,1
63,59,1
63,60,3
63,61,1
63,62,1
63,63,63
63,64,1
63,65,1
63,66,3
63,67,1
63,68,1
63,69,3
63,70,7
63,71,1
63,72,9
63,73,1
63,74,1
63,75,3
63,76,1
63,77,7
63,78,3
63,79,1
63,80,1
63,81,9
63,82,1
63,83,1
63,84,21
63,85,1
63,86,1
63,87,3
63,88,1
63,89,1
63,90,9
63,91,7
63,92,1
63,93,3
63,94,1
63,95,1
63,96,3
63,97,1
63,98,7
63,99,9
64,0,64
64,1,1
64,2,2
64,3,1
64,4,4
64,5,1
64,6,2
64,7,1
64,8,8
64,9,1
64,10,2
64,11,1
64,12,4
64,13,1
64,14,2
64,15,1
64,16,16
64,17,1
64,18,2
64,19,1
64,20,4
64,21,1
64,22,2
64,23,1
64,24,8
64,25,1
64,26,2
64,27,1
64,28,4
64,29,1
64,30,2
64,31,1
64,32,32
64,33,1
64,34,2
64,35,1
64,36,4
64,37,1
64,38,2
64,39,1
64,40,8
64,41,1
64,42,2
64,43,1
64,44,4
64,45,1
64,46,2
64,47,1
64,48,16
64,49,1
64,50,2
64,51,1
64,52,4
64,53,1
64,54,2
64,55,1
64,56,8
64,57,1
64,58,2
64,59,1
64,60,4
64,61,1
64,62,2
64,63,1
64,64,64
64,65,1
64,66,2
64,67,1
64,68,4
64,69,1
64,70,2
64,71,1
64,72,8
64,73,1
64,74,2
64,75,1
64,76,4
64,77,1
64,78,2
64,79,1
64,80,16
64,81,1
64,82,2
64,83,1
64,84,4
64,85,1
64,86,2
64,87,1
64,88,8
64,89,1
64,90,2
64,91,1
64,92,4
64,93,1
64,94,2
64,95,1
64,96,32
64,97,1
64,98,2
64,99,1
65,0,65
65,1,1
65,2,1
65,3,1
65,4,1
65,5,5
65,6,1
65,7,1
65,8,1
65,9,1
65,10,5
65,11,1
65,12,1
65,13,13
65,14,1
65,15,5
65,16,1
65,17,1
65,18,1
65,19,1
65,20,5
65,21,1
65,22,1
65,23,1
65,24,1
65,25,5
65,26,13
65,27,1
65,28,1
65,29,1
65,30,5
65,31,1
65,32,1
65,33,1
65,34,1
65,35,5
65,36,1
65,37,1
65,38,1
65,39,13
65,40,5
65,41,1
65,42,1
65,43,1
65,44,1
65,45,5
65,46,1
65,47,1
65,48,1
65,49,1
65,50,5
65,51,1
65,52,13
65,53,1
65,54,1
65,55,5
65,56,1
65,57,1
65,58,1
65,59,1
65,60,5
65,61,1
65,62,1
65,63,1
65,64,1
65,65,65
65,66,1
65,67,1
65,68,1
65,69,1
65,70,5
65,71,1
65,72,1
65,73,1
65,74,1
65,75,5
65,76,1
65,77,1
65,78,13
65,79,1
65,80,5
65,81,1
65,82,1
65,83,1
65,84,1
65,85,5
65,86,1
65,87,1
65,88,1
65,89,1
65,90,5
65,91,13
65,92,1
65,93,1
65,94,1
65,95,5
65,96,1
65,97,1
65,98,1
65,99,1
66,0,66
66,1,1
66,2,2
66,3,3
66,4,2
66,5,1
66,6,6
66,7,1
66,8,2
66,9,3
66,10,2
66,11,11
66,12,6
66,13,1
66,14,2
66,15,3
66,16,2
66,17,1
66,18,6
66,19,1
66,20,2
66,21,3
66,22,22
66,23,1
66,24,6
66,25,1
66,26,2
66,27,3
66,28,2
66,29,1
66,30,6
66,31,1
66,32,2
66,33,33
66,34,2
66,35,1
66,36,6
66,37,1
66,38,2
66,39,3
66,40,2
66,41,1
66,42,6
66,43,1
66,44,22
66,45,3
66,46,2
66,47,1
66,48,6
66,49,1
66,50,2
66,51,3
66,52,2
66,53,1
66,54,6
66,55,11
66,56,2
66,57,3
66,58,2
66,59,1
66,60,6
66,61,1
66,62,2
66,63,3
66,64,2
66,65,1
66,66,66
66,67,1
66,68,2
66,69,3
66,70,2
66,71,1
66,72,6
66,73,1
66,74,2
66,75,3
66,76,2
66,77,11
66,78,6
66,79,1
66,80,2
66,81,3
66,82,2
66,83,1
66,84,6
66,85,1
66,86,2
66,87,3
66,88,22
66,89,1
66,90,6
66,91,1
66,92,2
66,93,3
66,94,2
66,95,1
66,96,6
66,97,1
66,98,2
66,99,33
67,0,67
67,1,1
67,2,1
67,3,1
67,4,1
67,5,1
67,6,1
67,7,1
67,8,1
67,9,1
67,10,1
67,11,1
67,12,1
67,13,1
67,14,1
67,15,1
67,16,1
67,17,1
67,18,1
67,19,1
67,20,1
67,21,1
67,22,1
67,23,1
67,24,1
67,25,1
67,26,1
67,27,1
67,28,1
67,29,1
67,30,1
67,31,1
67,32,1
67,33,1
67,34,1
67,35,1
67,36,1
67,37,1
67,38,1
67,39,1
67,40,1
67,41,1
67,42,1
67,43,1
67,44,1
67,45,1
67,46,1
67,47,1
67,48,1
67,49,1
67,50,1
67,51,1
67,52,1
67,53,1
67,54,1
67,55,1
67,56,1
67,57,1
67,58,1
67,59,1
67,60,1
67,61,1
67,62,1
67,63,1
67,64,1
67,65,1
67,66,1
67,67,67
67,68,1
67,69,1
67,70,1
67,71,1
67,72,1
67,73,1
67,74,1
67,75,1
67,76,1
67,77,1
67,78,1
67,79,1
67,80,1
67,81,1
67,82,1
67,83,1
67,84,1
67,85,1
67,86,1
67,87,1
67,88,1
67,89,1
67,90,1
67,91,1
67,92,1
67,93,1
67,94,1
67,95,1
67,96,1
67,97,1
67,98,1
67,99,1
68,0,68
68,1,1
68,2,2
68,3,1
68,4,4
68,5,1
68,6,2
68,7,1
68,8,4
68,9,1
68,10,2
68,11,1
68,12,4
68,13,1
68,14,2
68,15,1
68,16,4
68,17,17
68,18,2
68,19,1
68,20,4
68,21,1
68,22,2
68,23,1
68,24,4
68,25,1
68,26,2
68,27,1
68,28,4
68,29,1
68,30,2
68,31,1
68,32,4
68,33,1
68,34,34
68,35,1
68,36,4
68,37,1
68,38,2
68,39,1
68,40,4
68,41,1
68,42,2
68,43,1
68,44,4
68,45,1
68,46,2
68,47,1
68,48,4
68,49,1
68,50,2
68,51,17
68,52,4
68,53,1
68,54,2
68,55,1
68,56,4
68,57,1
68,58,2
68,59,1
68,60,4
68,61,1
68,62,2
68,63,1
68,64,4
68,65,1
68,66,2
68,67,1
68,68,68
68,69,1
68,70,2
68,71,1
68,72,4
68,73,1
68,74,2
68,75,1
68,76,4
68,77,1
68,78,2
68,79,1
68,80,4
68,81,1
68,82,2
68,83,1
68,84,4
68,85,17
68,86,2
68,87,1
68,88,4
68,89,1
68,90,2
68,91,1
68,92,4
68,93,1
68,94,2
68,95,1
68,96,4
68,97,1
68,98,2
68,99,1
69,0,69
69,1,1
69,2,1
69,3,3
69,4,1
69,5,1
69,6,3
69,7,1
69,8,1
69,9,3
69,10,1
69,11,1
69,12,3
69,13,1
69,14,1
69,15,3
69,16,1
69,17,1
69,18,3
69,19,1
69,20,1
69,21,3
69,22,1
69,23,23
69,24,3
69,25,1
69,26,1
69,27,3
69,28,1
69,29,1
69,30,3
69,31,1
69,32,1
69,33,3
69,34,1
69,35,1
69,36,3
69,37,1
69,38,1
69,39,3
69,40,1
69,41,1
69,42,3
69,43,1
69,44,1
69,45,3
69,46,23
69,47,1
69,48,3
69,49,1
69,50,1
69,51,3
69,52,1
69,53,1
69,54,3
69,55,1
69,56,1
69,57,3
69,58,1
69,59,1
69,60,3
69,61,1
69,62,1
69,63,3
69,64,1
69,65,1
69,66,3
69,67,1
69,68,1
69,69,69
69,70,1
69,71,1
69,72,3
69,73,1
69,74,1
69,75,3
69,76,1
69,77,1
69,78,3
69,79,1
69,80,1
69,81,3
69,82,1
69,83,1
69,84,3
69,85,1
69,86,1
69,87,3
69,88,1
69,89,1
69,90,3
69,91,1
69,92,23
69,93,3
69,94,1
69,95,1
69,96,3
69,97,1
69,98,1
69,99,3
70,0,70
70,1,1
70,2,2
70,3,1
70,4,2
70,5,5
70,6,2
70,7,7
70,8,2
70,9,1
70,10,10
70,11,1
70,12,2
70,13,1
70,14,14
70,15,5
70,16,2
70,17,1
70,18,2
70,19,1
70,20,10
70,21,7
70,22,2
70,23,1
70,24,2
70,25,5
70,26,2
70,27,1
70,28,14
70,29,1
70,30,10
70,31,1
70,32,2
70,33,1
70,34,2
70,35,35
70,36,2
70,37,1
70,38,2
70,39,1
70,40,10
70,41,1
70,42,14
70,43,1
70,44,2
70,45,5
70,46,2
70,47,1
70,48,2
70,49,7
70,50,10
70,51,1
70,52,2
70,53,1
70,54,2
70,55,5
70,56,14
70,57,1
70,58,2
70,59,1
70,60,10
70,61,1
70,62,2
70,63,7
70,64,2
70,65,5
70,66,2
70,67,1
70,68,2
70,69,1
70,70,70
70,71,1
70,72,2
70,73,1
70,74,2
70,75,5
70,76,2
70,77,7
70,78,2
70,79,1
70,80,10
70,81,1
70,82,2
70,83,1
70,84,14
70,85,5
70,86,2
70,87,1
70,88,2
70,89,1
70,90,10
70,91,7
70,92,2
70,93,1
70,94,2
70,95,5
70,96,2
70,97,1
70,98,14
70,99,1
71,0,71
71,1,1
71,2,1
71,3,1
71,4,1
71,5,1
71,6,1
71,7,1
71,8,1
71,9,1
71,10,1
71,11,1
71,12,1
71,13,1
71,14,1
71,15,1
71,16,1
71,17,1
71,18,1
71,19,1
71,20,1
71,21,1
71,22,1
71,23,1
71,24,1
71,25,1
71,26,1
71,27,1
71,28,1
71,29,1
71,30,1
71,31,1
71,32,1
71,33,1
71,34,1
71,35,1
71,36,1
71,37,1
71,38,1
71,39,1
71,40,1
71,41,1
71,42,1
71,43,1
71,44,1
71,45,1
71,46,1
71,47,1
71,48,1
71,49,1
71,50,1
71,51,1
71,52,1
71,53,1
71,54,1
71,55,1
71,56,1
71,57,1
71,58,1
71,59,1
71,60,1
71,61,1
71,62,1
71,63,1
71,64,1
71,65,1
71,66,1
71,67,1
71,68,1
71,69,1
71,70,1
71,71,71
71,72,1
71,73,1
71,74,1
71,75,1
71,76,1
71,77,1
71,78,1
71,79,1
71,80,1
71,81,1
71,82,1
71,83,1
71,84,1
71,85,1
71,86,1
71,87,1
71,88,1
71,89,1
71,90,1
71,91,1
71,92,1
71,93,1
71,94,1
71,95,1
71,96,1
71,97,1
71,98,1
71,99,1
72,0,72
72,1,1
72,2,2
72,3,3
72,4,4
72,5,1
72,6,6
72,7,1
72,8,8
72,9,9
72,10,2
72,11,1
72,12,12
72,13,1
72,14,2
72,15,3
72,16,8
72,17,1
72,18,18
72,19,1
72,20,4
72,21,3
72,22,2
72,23,1
72,24,24
72,25,1
72,26,2
72,27,9
72,28,4
72,29,1
72,30,6
72,31,1
72,32,8
72,33,3
72,34,2
72,35,1
72,36,36
72,37,1
72,38,2
72,39,3
72,40,8
72,41,1
72,42,6
72,43,1
72,44,4
72,45,9
72,46,2
72,47,1
72,48,24
72,49,1
72,50,2
72,51,3
72,52,4
72,53,1
72,54,18
72,55,1
72,56,8
72,57,3
72,58,2
72,59,1
72,60,12
72,61,1
72,62,2
72,63,9
72,64,8
72,65,1
72,66,6
72,67,1
72,68,4
72,69,3
72,70,2
72,71,1
72,72,72
72,73,1
72,74,2
72,75,3
72,76,4
72,77,1
72,78,6
72,79,1
72,80,8
72,81,9
72,82,2
72,83,1
72,84,12
72,85,1
72,86,2
72,87,3
72,88,8
72,89,1
72,90,18
72,91,1
72,92,4
72,93,3
72,94,2
72,95,1
72,96,24
72,97,1
72,98,2
72,99,9
73,0,73
73,1,1
73,2,1
73,3,1
73,4,1
73,5,1
73,6,1
73,7,1
73,8,1
73,9,1
73,10,1
73,11,1
73,12,1
73,13,1
73,14,1
73,15,1
73,16,1
73,17,1
73,18,1
73,19,1
73,20,1
73,21,1
73,22,1
73,23,1
73,24,1
73,25,1
73,26,1
73,27,1
73,28,1
73,29,1
73,30,1
73,31,1
73,32,1
73,33,1
73,34,1
73,35,1
73,36,1
73,37,1
73,38,1
73,39,1
73,40,1
73,41,1
73,42,1
73,43,1
73,44,1
73,45,1
73,46,1
73,47,1
73,48,1
73,49,1
73,50,1
73,51,1
73,52,1
73,53,1
73,54,1
73,55,1
73,56,1
73,57,1
73,58,1
73,59,1
73,60,1
73,61,1
73,62,1
73,63,1
73,64,1
73,65,1
73,66,1
73,67,1
73,68,1
73,69,1
73,70,1
73,71,1
73,72,1
73,73,73
73,74,1
73,75,1
73,76,1
73,77,1
73,78,1
73,79,1
73,80,1
73,81,1
73,82,1
73,83,1
73,84,1
73,85,1
73,86,1
73,87,1
73,88,1
73,89,1
73,90,1
73,91,1
73,92,1
73,93,1
73,94,1
73,95,1
73,96,1
73,97,1
73,98,1
73,99,1
74,0,74
74,1,1
74,2,2
74,3,1
74,4,2
74,5,1
74,6,2
74,7,1
74,8,2
74,9,1
74,10,2
74,11,1
74,12,2
74,13,1
74,14,2
74,15,1
74,16,2
74,17,1
74,18,2
74,19,1
74,20,2
74,21,1
74,22,2
74,23,1
74,24,2
74,25,1
74,26,2
74,27,1
74,28,2
74,29,1
74,30,2
74,31,1
74,32,2
74,33,1
74,34,2
74,35,1
74,36,2
74,37,37
74,38,2
74,39,1
74,40,2
74,41,1
74,42,2
74,43,1
74,44,2
74,45,1
74,46,2
74,47,1
74,48,2
74,49,1
74,50,2
74,51,1
74,52,2
74,53,1
74,54,2
74,55,1
74,56,2
74,57,1
74,58,2
74,59,1
74,60,2
74,61,1
74,62,2
74,63,1
74,64,2
74,65,1
74,66,2
74,67,1
74,68,2
74,69,1
74,70,2
74,71,1
74,72,2
74,73,1
74,74,74
74,75,1
74,76,2
74,77,1
74,78,2
74,79,1
74,80,2
74,81,1
74,82,2
74,83,1
74,84,2
74,85,1
74,86,2
74,87,1
74,88,2
74,89,1
74,90,2
74,91,1
74,92,2
74,93,1
74,94,2
74,95,1
74,96,2
74,97,1
74,98,2
74,99,1
75,0,75
75,1,1
75,2,1
75,3,3
75,4,1
75,5,5
75,6,3
75,7,1
75,8,1
75,9,3
75,10,5
75,11,1
75,12,3
75,13,1
75,14,1
75,15,15
75,16,1
75,17,1
75,18,3
75,19,1
75,20,5
75,21,3
75,22,1
75,23,1
75,24,3
75,25,25
75,26,1
75,27,3
75,28,1
75,29,1
75,30,15
75,31,1
75,32,1
75,33,3
75,34,1
75,35,5
75,36,3
75,37,1
75,38,1
75,39,3
75,40,5
75,41,1
75,42,3
75,43,1
75,44,1
75,45,15
75,46,1
75,47,1
75,48,3
75,49,1
75,50,25
75,51,3
75,52,1
75,53,1
75,54,3
75,55,5
75,56,1
75,57,3
75,58,1
75,59,1
75,60,15
75,61,1
75,62,1
75,63,3
75,64,1
75,65,5
75,66,3
75,67,1
75,68,1
75,69,3
75,70,5
75,71,1
75,72,3
75,73,1
75,74,1
75,75,75
75,76,1
75,77,1
75,78,3
75,79,1
75,80,5
75,81,3
75,82,1
75,83,1
75,84,3
75,85,5
75,86,1
75,87,3
75,88,1
75,89,1
75,90,15
75,91,1
75,92,1
75,93,3
75,94,1
75,95,5
75,96,3
75,97,1
75,98,1
75,99,3
76,0,76
76,1,1
76,2,2
76,3,1
76,4,4
76,5,1
76,6,2
76,7,1
76,8,4
76,9,1
76,10,2
76,11,1
76,12,4
76,13,1
76,14,2
76,15,1
76,16,4
76,17,1
76,18,2
76,19,19
76,20,4
76,21,1
76,22,2
76,23,1
76,24,4
76,25,1
76,26,2
76,27,1
76,28,4
76,29,1
76,30,2
76,31,1
76,32,4
76,33,1
76,34,2
76,35,1
76,36,4
76,37,1
76,38,38
76,39,1
76,40,4
76,41,1
76,42,2
76,43,1
76,44,4
76,45,1
76,46,2
76,47,1
76,48,4
76,49,1
76,50,2
76,51,1
76,52,4
76,53,1
76,54,2
76,55,1
76,56,4
76,57,19
76,58,2
76,59,1
76,60,4
76,61,1
76,62,2
76,63,1
76,64,4
76,65,1
76,66,2
76,67,1
76,68,4
76,69,1
76,70,2
76,71,1
76,72,4
76,73,1
76,74,2
76,75,1
76,76,76
76,77,1
76,78,2
76,79,1
76,80,4
76,81,1
76,82,2
76,83,1
76,84,4
76,85,1
76,86,2
76,87,1
76,88,4
76,89,1
76,90,2
76,91,1
76,92,4
76,93,1
76,94,2
76,95,19
76,96,4
76,97,1
76,98,2
76,99,1
77,0,77
77,1,1
77,2,1
77,3,1
77,4,1
77,5,1
77,6,1
77,7,7
77,8,1
77,9,1
77,10,1
77,11,11
77,12,1
77,13,1
77,14,7
77,15,1
77,16,1
77,17,1
77,18,1
77,19,1
77,20,1
77,21,7
77,22,11
77,23,1
77,24,1
77,25,1
77,26,1
77,27,1
77,28,7
77,29,1
77,30,1
77,31,1
77,32,1
77,33,11
77,34,1
77,35,7
77,36,1
77,37,1
77,38,1
77,39,1
77,40,1
77,41,1
77,42,7
77,43,1
77,44,11
77,45,1
77,46,1
77,47,1
77,48,1
77,49,7
77,50,1
77,51,1
77,52,1
77,53,1
77,54,1
77,55,11
77,56,7
77,57,1
77,58,1
77,59,1
77,60,1
77,61,1
77,62,1
77,63,7
77,64,1
77,65,1
77,66,11
77,67,1
77,68,1
77,69,1
77,70,7
77,71,1
77,72,1
77,73,1
77,74,1
77,75,1
77,76,1
77,77,77
77,78,1
77,79,1
77,80,1
77,81,1
77,82,1
77,83,1
77,84,7
77,85,1
77,86,1
77,87,1
77,88,11
77,89,1
77,90,1
77,91,7
77,92,1
77,93,1
77,94,1
77,95,1
77,96,1
77,97,1
77,98,7
77,99,11
78,0,78
78,1,1
78,2,2
78,3,3
78,4,2
78,5,1
78,6,6
78,7,1
78,8,2
78,9,3
78,10,2
78,11,1
78,12,6
78,13,13
78,14,2
78,15,3
78,16,2
78,17,1
78,18,6
78,19,1
78,20,2
78,21,3
78,22,2
78,23,1
78,24,6
78,25,1
78,26,26
78,27,3
78,28,2
78,29,1
78,30,6
78,31,1
78,32,2
78,33,3
78,34,2
78,35,1
78,36,6
78,37,1
78,38,2
78,39,39
78,40,2
78,41,1
78,42,6
78,43,1
78,44,2
78,45,3
78,46,2
78,47,1
78,48,6
78,49,1
78,50,2
78,51,3
78,52,26
78,53,1
78,54,6
78,55,1
78,56,2
78,57,3
78,58,2
78,59,1
78,60,6
78,61,1
78,62,2
78,63,3
78,64,2
78,65,13
78,66,6
78,67,1
78,68,2
78,69,3
78,70,2
78,71,1
78,72,6
78,73,1
78,74,2
78,75,3
78,76,2
78,77,1
78,78,78
78,79,1
78,80,2
78,81,3
78,82,2
78,83,1
78,84,6
78,85,1
78,86,2
78,87,3
78,88,2
78,89,1
78,90,6
78,91,13
78,92,2
78,93,3
78,94,2
78,95,1
78,96,6
78,97,1
78,98,2
78,99,3
79,0,79
79,1,1
79,2,1
79,3,1
79,4,1
79,5,1
79,6,1
79,7,1
79,8,1
79,9,1
79,10,1
79,11,1
79,12,1
79,13,1
79,14,1
79,15,1
79,16,1
79,17,1
79,18,1
79,19,1
79,20,1
79,21,1
79,22,1
79,23,1
79,24,1
79,25,1
79,26,1
79,27,1
79,28,1
79,29,1
79,30,1
79,31,1
79,32,1
79,33,1
79,34,1
79,35,1
79,36,1
79,37,1
79,38,1
79,39,1
79,40,1
79,41,1
79,42,1
79,43,1
79,44,1
79,45,1
79,46,1
79,47,1
79,48,1
79,49,1
79,50,1
79,51,1
79,52,1
79,53,1
79,54,1
79,55,1
79,56,1
79,57,1
79,58,1
79,59,1
79,60,1
79,61,1
79,62,1
79,63,1
79,64,1
79,65,1
79,66,1
79,67,1
79,68,1
79,69,1
79,70,1
79,71,1
79,72,1
79,73,1
79,74,1
79,75,1
79,76,1
79,77,1
79,78,1
79,79,79
79,80,1
79,81,1
79,82,1
79,83,1
79,84,1
79,85,1
79,86,1
79,87,1
79,88,1
79,89,1
79,90,1
79,91,1
79,92,1
79,93,1
79,94,1
79,95,1
79,96,1
79,97,1
79,98,1
79,99,1
80,0,80
80,1,1
80,2,2
80,3,1
80,4,4
80,5,5
80,6,2
80,7,1
80,8,8
80,9,1
80,10,10
80,11,1
80,12,4
80,13,1
80,14,2
80,15,5
80,16,16
80,17,1
80,18,2
80,19,1
80,20,20
80,21,1
80,22,2
80,23,1
80,24,8
80,25,5
80,26,2
80,27,1
80,28,4
80,29,1
80,30,10
80,31,1
80,32,16
80,33,1
80,34,2
80,35,5
80,36,4
80,37,1
80,38,2
80,39,1
80,40,40
80,41,1
80,42,2
80,43,1
80,44,4
80,45,5
80,46,2
80,47,1
80,48,16
80,49,1
80,50,10
80,51,1
80,52,4
80,53,1
80,54,2
80,55,5
80,56,8
80,57,1
80,58,2
80,59,1
80,60,20
80,61,1
80,62,2
80,63,1
80,64,16
80,65,5
80,66,2
80,67,1
80,68,4
80,69,1
80,70,10
80,71,1
80,72,8
80,73,1
80,74,2
80,75,5
80,76,4
80,77,1
80,78,2
80,79,1
80,80,80
80,81,1
80,82,2
80,83,1
80,84,4
80,85,5
80,86,2
80,87,1
80,88,8
80,89,1
80,90,10
80,91,1
80,92,4
80,93,1
80,94,2
80,95,5
80,96,16
80,97,1
80,98,2
80,99,1
81,0,81
81,1,1
81,2,1
81,3,3
81,4,1
81,5,1
81,6,3
81,7,1
81,8,1
81,9,9
81,10,1
81,11,1
81,12,3
81,13,1
81,14,1
81,15,3
81,16,1
81,17,1
81,18,9
81,19,1
81,20,1
81,21,3
81,22,1
81,23,1
81,24,3
81,25,1
81,26,1
81,27,27
81,28,1
81,29,1
81,30,3
81,31,1
81,32,1
81,33,3
81,34,1
81,35,1
81,36,9
81,37,1
81,38,1
81,39,3
81,40,1
81,41,1
81,42,3
81,43,1
81,44,1
81,45,9
81,46,1
81,47,1
81,48,3
81,49,1
81,50,1
81,51,3
81,52,1
81,53,1
81,54,27
81,55,1
81,56,1
81,57,3
81,58,1
81,59,1
81,60,3
81,61,1
81,62,1
81,63,9
81,64,1
81,65,1
81,66,3
81,67,1
81,68,1
81,69,3
81,70,1
81,71,1
81,72,9
81,73,1
81,74,1
81,75,3
81,76,1
81,77,1
81,78,3
81,79,1
81,80,1
81,81,81
81,82,1
81,83,1
81,84,3
81,85,1
81,86,1
81,87,3
81,88,1
81,89,1
81,90,9
81,91,1
81,92,1
81,93,3
81,94,1
81,95,1
81,96,3
81,97,1
81,98,1
81,99,9
82,0,82
82,1,1
82,2,2
82,3,1
82,4,2
82,5,1
82,6,2
82,7,1
82,8,2
82,9,1
82,10,2
82,11,1
82,12,2
82,13,1
82,14,2
82,15,1
82,16,2
82,17,1
82,18,2
82,19,1
82,20,2
82,21,1
82,22,2
82,23,1
82,24,2
82,25,1
82,26,2
82,27,1
82,28,2
82,29,1
82,30,2
82,31,1
82,32,2
82,33,1
82,34,2
82,35,1
82,36,2
82,37,1
82,38,2
82,39,1
82,40,2
82,41,41
82,42,2
82,43,1
82,44,2
82,45,1
82,46,2
82,47,1
82,48,2
82,49,1
82,50,2
82,51,1
82,52,2
82,53,1
82,54,2
82,55,1
82,56,2
82,57,1
82,58,2
82,59,1
82,60,2
82,61,1
82,62,2
82,63,1
82,64,2
82,65,1
82,66,2
82,67,1
82,68,2
82,69,1
82,70,2
82,71,1
82,72,2
82,73,1
82,74,2
82,75,1
82,76,2
82,77,1
82,78,2
82,79,1
82,80,2
82,81,1
82,82,82
82,83,1
82,84,2
82,85,1
82,86,2
82,87,1
82,88,2
82,89,1
82,90,2
82,91,1
82,92,2
82,93,1
82,94,2
82,95,1
82,96,2
82,97,1
82,98,2
82,99,1
83,0,83
83,1,1
83,2,1
83,3,1
83,4,1
83,5,1
83,6,1
83,7,1
83,8,1
83,9,1
83,10,1
83,11,1
83,12,1
83,13,1
83,14,1
83,15,1
83,16,1
83,17,1
83,18,1
83,19,1
83,20,1
83,21,1
83,22,1
83,23,1
83,24,1
83,25,1
83,26,1
83,27,1
83,28,1
83,29,1
83,30,1
83,31,1
83,32,1
83,33,1
83,34,1
83,35,1
83,36,1
83,37,1
83,38,1
83,39,1
83,40,1
83,41,1
83,42,1
83,43,1
83,44,1
83,45,1
83,46,1
83,47,1
83,48,1
83,49,1
83,50,1
83,51,1
83,52,1
83,53,1
83,54,1
83,55,1
83,56,1
83,57,1
83,58,1
83,59,1
83,60,1
83,61,1
83,62,1
83,63,1
83,64,1
83,65,1
83,66,1
83,67,1
83,68,1
83,69,1
83,70,1
83,71,1
83,72,1
83,73,1
83,74,1
83,75,1
83,76,1
83,77,1
83,78,1
83,79,1
83,80,1
83,81,1
83,82,1
83,83,83
83,84,1
83,85,1
83,86,1
83,87,1
83,88,1
83,89,1
83,90,1
83,91,1
83,92,1
83,93,1
83,94,1
83,95,1
83,96,1
83,97,1
83,98,1
83,99,1
84,0,84
84,1,1
84,2,2
84,3,3
84,4,4
84,5,1
84,6,6
84,7,7
84,8,4
84,9,3
84,10,2
84,11,1
84,12,12
84,13,1
84,14,14
84,15,3
84,16,4
84,17,1
84,18,6
84,19,1
84,20,4
84,21,21
84,22,2
84,23,1
84,24,12
84,25,1
84,26,2
84,27,3
84,28,28
84,29,1
84,30,6
84,31,1
84,32,4
84,33,3
84,34,2
84,35,7
84,36,12
84,37,1
84,38,2
84,39,3
84,40,4
84,41,1
84,42,42
84,43,1
84,44,4
84,45,3
84,46,2
84,47,1
84,48,12
84,49,7
84,50,2
84,51,3
84,52,4
84,53,1
84,54,6
84,55,1
84,56,28
84,57,3
84,58,2
84,59,1
84,60,12
84,61,1
84,62,2
84,63,21
84,64,4
84,65,1
84,66,6
84,67,1
84,68,4
84,69,3
84,70,14
84,71,1
84,72,12
84,73,1
84,74,2
84,75,3
84,76,4
84,77,7
84,78,6
84,79,1
84,80,4
84,81,3
84,82,2
84,83,1
84,84,84
84,85,1
84,86,2
84,87,3
84,88,4
84,89,1
84,90,6
84,91,7
84,92,4
84,93,3
84,94,2
84,95,1
84,96,12
84,97,1
84,98,14
84,99,3
85,0,85
85,1,1
85,2,1
85,3,1
85,4,1
85,5,5
85,6,1
85,7,1
85,8,1
85,9,1
85,10,5
85,11,1
85,12,1
85,13,1
85,14,1
85,15,5
85,16,1
85,17,17
85,18,1
85,19,1
85,20,5
85,21,1
85,22,1
85,23,1
85,24,1
85,25,5
85,26,1
85,27,1
85,28,1
85,29,1
85,30,5
85,31,1
85,32,1
85,33,1
85,34,17
85,35,5
85,36,1
85,37,1
85,38,1
85,39,1
85,40,5
85,41,1
85,42,1
85,43,1
85,44,1
85,45,5
85,46,1
85,47,1
85,48,1
85,49,1
85,50,5
85,51,17
85,52,1
85,53,1
85,54,1
85,55,5
85,56,1
85,57,1
85,58,1
85,59,1
85,60,5
85,61,1
85,62,1
85,63,1
85,64,1
85,65,5
85,66,1
85,67,1
85,68,17
85,69,1
85,70,5
85,71,1
85,72,1
85,73,1
85,74,1
85,75,5
85,76,1
85,77,1
85,78,1
85,79,1
85,80,5
85,81,1
85,82,1
85,83,1
85,84,1
85,85,85
85,86,1
85,87,1
85,88,1
85,89,1
85,90,5
85,91,1
85,92,1
85,93,1
85,94,1
85,95,5
85,96,1
85,97,1
85,98,1
85,99,1
86,0,86
86,1,1
86,2,2
86,3,1
86,4,2
86,5,1
86,6,2
86,7,1
86,8,2
86,9,1
86,10,2
86,11,1
86,12,2
86,13,1
86,14,2
86,15,1
86,16,2
86,17,1
86,18,2
86,19,1
86,20,2
86,21,1
86,22,2
86,23,1
86,24,2
86,25,1
86,26,2
86,27,1
86,28,2
86,29,1
86,30,2
86,31,1
86,32,2
86,33,1
86,34,2
86,35,1
86,36,2
86,37,1
86,38,2
86,39,1
86,40,2
86,41,1
86,42,2
86,43,43
86,44,2
86,45,1
86,46,2
86,47,1
86,48,2
86,49,1
86,50,2
86,51,1
86,52,2
86,53,1
86,54,2
86,55,1
86,56,2
86,57,1
86,58,2
86,59,1
86,60,2
86,61,1
86,62,2
86,63,1
86,64,2
86,65,1
86,66,2
86,67,1
86,68,2
86,69,1
86,70,2
86,71,1
86,72,2
86,73,1
86,74,2
86,75,1
86,76,2
86,77,1
86,78,2
86,79,1
86,80,2
86,81,1
86,82,2
86,83,1
86,84,2
86,85,1
86,86,86
86,87,1
86,88,2
86,89,1
86,90,2
86,91,1
86,92,2
86,93,1
86,94,2
86,95,1
86,96,2
86,97,1
86,98,2
86,99,1
87,0,87
87,1,1
87,2,1
87,3,3
87,4,1
87,5,1
87,6,3
87,7,1
87,8,1
87,9,3
87,10,1
87,11,1
87,12,3
87,13,1
87,14,1
87,15,3
87,16,1
87,17,1
87,18,3
87,19,1
87,20,1
87,21,3
87,22,1
87,23,1
87,24,3
87,25,1
87,26,1
87,27,3
87,28,1
87,29,29
87,30,3
87,31,1
87,32,1
87,33,3
87,34,1
87,35,1
87,36,3
87,37,1
87,38,1
87,39,3
87,40,1
87,41,1
87,42,3
87,43,1
87,44,1
87,45,3
87,46,1
87,47,1
87,48,3
87,49,1
87,50,1
87,51,3
87,52,1
87,53,1
87,54,3
87,55,1
87,56,1
87,57,3
87,58,29
87,59,1
87,60,3
87,61,1
87,62,1
87,63,3
87,64,1
87,65,1
87,66,3
87,67,1
87,68,1
87,69,3
87,70,1
87,71,1
87,72,3
87,73,1
87,74,1
87,75,3
87,76,1
87,77,1
87,78,3
87,79,1
87,80,1
87,81,3
87,82,1
87,83,1
87,84,3
87,85,1
87,86,1
87,87,87
87,88,1
87,89,1
87,90,3
87,91,1
87,92,1
87,93,3
87,94,1
87,95,1
87,96,3
87,97,1
87,98,1
87,99,3
88,0,88
88,1,1
88,2,2
88,3,1
88,4,4
88,5,1
88,6,2
88,7,1
88,8,8
88,9,1
88,10,2
88,11,11
88,12,4
88,13,1
88,14,2
88,15,1
88,16,8
88,17,1
88,18,2
88,19,1
88,20,4
88,21,1
88,22,22
88,23,1
88,24,8
88,25,1
88,26,2
88,27,1
88,28,4
88,29,1
88,30,2
88,31,1
88,32,8
88,33,11
88,34,2
88,35,1
88,36,4
88,37,1
88,38,2
88,39,1
88,40,8
88,41,1
88,42,2
88,43,1
88,44,44
88,45,1
88,46,2
88,47,1
88,48,8
88,49,1
88,50,2
88,51,1
88,52,4
88,53,1
88,54,2
88,55,11
88,56,8
88,57,1
88,58,2
88,59,1
88,60,4
88,61,1
88,62,2
88,63,1
88,64,8
88,65,1
88,66,22
88,67,1
88,68,4
88,69,1
88,70,2
88,71,1
88,72,8
88,73,1
88,74,2
88,75,1
88,76,4
88,77,11
88,78,2
88,79,1
88,80,8
88,81,1
88,82,2
88,83,1
88,84,4
88,85,1
88,86,2
88,87,1
88,88,88
88,89,1
88,90,2
88,91,1
88,92,4
88,93,1
88,94,2
88,95,1
88,96,8
88,97,1
88,98,2
88,99,11
89,0,89
89,1,1
89,2,1
89,3,1
89,4,1
89,5,1
89,6,1
89,7,1
89,8,1
89,9,1
89,10,1
89,11,1
89,12,1
89,13,1
89,14,1
89,15,1
89,16,1
89,17,1
89,18,1
89,19,1
89,20,1
89,21,1
89,22,1
89,23,1
89,24,1
89,25,1
89,26,1
89,27,1
89,28,1
89,29,1
89,30,1
89,31,1
89,32,1
89,33,1
89,34,1
89,35,1
89,36,1
89,37,1
89,38,1
89,39,1
89,40,1
89,41,1
89,42,1
89,43,1
89,44,1
89,45,1
89,46,1
89,47,1
89,48,1
89,49,1
89,50,1
89,51,1
89,52,1
89,53,1
89,54,1
89,55,1
89,56,1
89,57,1
89,58,1
89,59,1
89,60,1
89,61,1
89,62,1
89,63,1
89,64,1
89,65,1
89,66,1
89,67,1
89,68,1
89,69,1
89,70,1
89,71,1
89,72,1
89,73,1
89,74,1
89,75,1
89,76,1
89,77,1
89,78,1
89,79,1
89,80,1
89,81,1
89,82,1
89,83,1
89,84,1
89,85,1
89,86,1
89,87,1
89,88,1
89,89,89
89,90,1
89,91,1
89,92,1
89,93,1
89,94,1
89,95,1
89,96,1
89,97,1
89,98,1
89,99,1
90,0,90
90,1,1
90,2,2
90,3,3
90,4,2
90,5,5
90,6,6
90,7,1
90,8,2
90,9,9
90,10,10
90,11,1
90,12,6
90,13,1
90,14,2
90,15,15
90,16,2
90,17,1
90,18,18
90,19,1
90,20,10
90,21,3
90,22,2
90,23,1
90,24,6
90,25,5
90,26,2
90,27,9
90,28,2
90,29,1
90,30,30
90,31,1
90,32,2
90,33,3
90,34,2
90,35,5
90,36,18
90,37,1
90,38,2
90,39,3
90,40,10
90,41,1
90,42,6
90,43,1
90,44,2
90,45,45
90,46,2
90,47,1
90,48,6
90,49,1
90,50,10
90,51,3
90,52,2
90,53,1
90,54,18
90,55,5
90,56,2
90,57,3
90,58,2
90,59,1
90,60,30
90,61,1
90,62,2
90,63,9
90,64,2
90,65,5
90,66,6
90,67,1
90,68,2
90,69,3
90,70,10
90,71,1
90,72,18
90,73,1
90,74,2
90,75,15
90,76,2
90,77,1
90,78,6
90,79,1
90,80,10
90,81,9
90,82,2
90,83,1
90,84,6
90,85,5
90,86,2
90,87,3
90,88,2
90,89,1
90,90,90
90,91,1
90,92,2
90,93,3
90,94,2
90,95,5
90,96,6
90,97,1
90,98,2
90,99,9
91,0,91
91,1,1
91,2,1
91,3,1
91,4,1
91,5,1
91,6,1
91,7,7
91,8,1
91,9,1
91,10,1
91,11,1
91,12,1
91,13,13
91,14,7
91,15,1
91,16,1
91,17,1
91,18,1
91,19,1
91,20,1
91,21,7
91,22,1
91,23,1
91,24,1
91,25,1
91,26,13
91,27,1
91,28,7
91,29,1
91,30,1
91,31,1
91,32,1
91,33,1
91,34,1
91,35,7
91,36,1
91,37,1
91,38,1
91,39,13
91,40,1
91,41,1
91,42,7
91,43,1
91,44,1
91,45,1
91,46,1
91,47,1
91,48,1
91,49,7
91,50,1
91,51,1
91,52,13
91,53,1
91,54,1
91,55,1
91,56,7
91,57,1
91,58,1
91,59,1
91,60,1
91,61,1
91,62,1
91,63,7
91,64,1
91,65,13
91,66,1
91,67,1
91,68,1
91,69,1
91,70,7
91,71,1
91,72,1
91,73,1
91,74,1
91,75,1
91,76,1
91,77,7
91,78,13
91,79,1
91,80,1
91,81,1
91,82,1
91,83,1
91,84,7
91,85,1
91,86,1
91,87,1
91,88,1
91,89,1
91,90,1
91,91,91
91,92,1
91,93,1
91,94,1
91,95,1
91,96,1
91,97,1
91,98,7
91,99,1
92,0,92
92,1,1
92,2,2
92,3,1
92,4,4
92,5,1
92,6,2
92,7,1
92,8,4
92,9,1
92,10,2
92,11,1
92,12,4
92,13,1
92,14,2
92,15,1
92,16,4
92,17,1
92,18,2
92,19,1
92,20,4
92,21,1
92,22,2
92,23,23
92,24,4
92,25,1
92,26,2
92,27,1
92,28,4
92,29,1
92,30,2
92,31,1
92,32,4
92,33,1
92,34,2
92,35,1
92,36,4
92,37,1
92,38,2
92,39,1
92,40,4
92,41,1
92,42,2
92,43,1
92,44,4
92,45,1
92,46,46
92,47,1
92,48,4
92,49,1
92,50,2
92,51,1
92,52,4
92,53,1
92,54,2
92,55,1
92,56,4
92,57,1
92,58,2
92,59,1
92,60,4
92,61,1
92,62,2
92,63,1
92,64,4
92,65,1
92,66,2
92,67,1
92,68,4
92,69,23
92,70,2
92,71,1
92,72,4
92,73,1
92,74,2
92,75,1
92,76,4
92,77,1
92,78,2
92,79,1
92,80,4
92,81,1
92,82,2
92,83,1
92,84,4
92,85,1
92,86,2
92,87,1
92,88,4
92,89,1
92,90,2
92,91,1
92,92,92
92,93,1
92,94,2
92,95,1
92,96,4
92,97,1
92,98,2
92,99,1
93,0,93
93,1,1
93,2,1
93,3,3
93,4,1
93,5,1
93,6,3
93,7,1
93,8,1
93,9,3
93,10,1
93,11,1
93,12,3
93,13,1
93,14,1
93,15,3
93,16,1
93,17,1
93,18,3
93,19,1
93,20,1
93,21,3
93,22,1
93,23,1
93,24,3
93,25,1
93,26,1
93,27,3
93,28,1
93,29,1
93,30,3
93,31,31
93,32,1
93,33,3
93,34,1
93,35,1
93,36,3
93,37,1
93,38,1
93,39,3
93,40,1
93,41,1
93,42,3
93,43,1
93,44,1
93,45,3
93,46,1
93,47,1
93,48,3
93,49,1
93,50,1
93,51,3
93,52,1
93,53,1
93,54,3
93,55,1
93,56,1
93,57,3
93,58,1
93,59,1
93,60,3
93,61,1
93,62,31
93,63,3
93,64,1
93,65,1
93,66,3
93,67,1
93,68,1
93,69,3
93,70,1
93,71,1
93,72,3
93,73,1
93,74,1
93,75,3
93,76,1
93,77,1
93,78,3
93,79,1
93,80,1
93,81,3
93,82,1
93,83,1
93,84,3
93,85,1
93,86,1
93,87,3
93,88,1
93,89,1
93,90,3
93,91,1
93,92,1
93,93,93
93,94,1
93,95,1
93,96,3
93,97,1
93,98,1
93,99,3
94,0,94
94,1,1
94,2,2
94,3,1
94,4,2
94,5,1
94,6,2
94,7,1
94,8,2
94,9,1
94,10,2
94,11,1
94,12,2
94,13,1
94,14,2
94,15,1
94,16,2
94,17,1
94,18,2
94,19,1
94,20,2
94,21,1
94,22,2
94,23,1
94,24,2
94,25,1
94,26,2
94,27,1
94,28,2
94,29,1
94,30,2
94,31,1
94,32,2
94,33,1
94,34,2
94,35,1
94,36,2
94,37,1
94,38,2
94,39,1
94,40,2
94,41,1
94,42,2
94,43,1
94,44,2
94,45,1
94,46,2
94,47,47
94,48,2
94,49,1
94,50,2
94,51,1
94,52,2
94,53,1
94,54,2
94,55,1
94,56,2
94,57,1
94,58,2
94,59,1
94,60,2
94,61,1
94,62,2
94,63,1
94,64,2
94,65,1
94,66,2
94,67,1
94,68,2
94,69,1
94,70,2
94,71,1
94,72,2
94,73,1
94,74,2
94,75,1
94,76,2
94,77,1
94,78,2
94,79,1
94,80,2
94,81,1
94,82,2
94,83,1
94,84,2
94,85,1
94,86,2
94,87,1
94,88,2
94,89,1
94,90,2
94,91,1
94,92,2
94,93,1
94,94,94
94,95,1
94,96,2
94,97,1
94,98,2
94,99,1
95,0,95
95,1,1
95,2,1
95,3,1
95,4,1
95,5,5
95,6,1
95,7,1
95,8,1
95,9,1
95,10,5
95,11,1
95,12,1
95,13,1
95,14,1
95,15,5
95,16,1
95,17,1
95,18,1
95,19,19
95,20,5
95,21,1
95,22,1
95,23,1
95,24,1
95,25,5
95,26,1
95,27,1
95,28,1
95,29,1
95,30,5
95,31,1
95,32,1
95,33,1
95,34,1
95,35,5
95,36,1
95,37,1
95,38,19
95,39,1
95,40,5
95,41,1
95,42,1
95,43,1
95,44,1
95,45,5
95,46,1
95,47,1
95,48,1
95,49,1
95,50,5
95,51,1
95,52,1
95,53,1
95,54,1
95,55,5
95,56,1
95,57,19
95,58,1
95,59,1
95,60,5
95,61,1
95,62,1
95,63,1
95,64,1
95,65,5
95,66,1
95,67,1
95,68,1
95,69,1
95,70,5
95,71,1
95,72,1
95,73,1
95,74,1
95,75,5
95,76,19
95,77,1
95,78,1
95,79,1
95,80,5
95,81,1
95,82,1
95,83,1
95,84,1
95,85,5
95,86,1
95,87,1
95,88,1
95,89,1
95,90,5
95,91,1
95,92,1
95,93,1
95,94,1
95,95,95
95,96,1
95,97,1
95,98,1
95,99,1
96,0,96
96,1,1
96,2,2
96,3,3
96,4,4
96,5,1
96,6,6
96,7,1
96,8,8
96,9,3
96,10,2
96,11,1
96,12,12
96,13,1
96,14,2
96,15,3
96,16,16
96,17,1
96,18,6
96,19,1
96,20,4
96,21,3
96,22,2
96,23,1
96,24,24
96,25,1
96,26,2
96,27,3
96,28,4
96,29,1
96,30,6
96,31,1
96,32,32
96,33,3
96,34,2
96,35,1
96,36,12
96,37,1
96,38,2
96,39,3
96,40,8
96,41,1
96,42,6
96,43,1
96,44,4
96,45,3
96,46,2
96,47,1
96,48,48
96,49,1
96,50,2
96,51,3
96,52,4
96,53,1
96,54,6
96,55,1
96,56,8
96,57,3
96,58,2
96,59,1
96,60,12
96,61,1
96,62,2
96,63,3
96,64,32
96,65,1
96,66,6
96,67,1
96,68,4
96,69,3
96,70,2
96,71,1
96,72,24
96,73,1
96,74,2
96,75,3
96,76,4
96,77,1
96,78,6
96,79,1
96,80,16
96,81,3
96,82,2
96,83,1
96,84,12
96,85,1
96,86,2
96,87,3
96,88,8
96,89,1
96,90,6
96,91,1
96,92,4
96,93,3
96,94,2
96,95,1
96,96,96
96,97,1
96,98,2
96,99,3
97,0,97
97,1,1
97,2,1
97,3,1
97,4,1
97,5,1
97,6,1
97,7,1
97,8,1
97,9,1
97,10,1
97,11,1
97,12,1
97,13,1
97,14,1
97,15,1
97,16,1
97,17,1
97,18,1
97,19,1
97,20,1
97,21,1
97,22,1
97,23,1
97,24,1
97,25,1
97,26,1
97,27,1
97,28,1
97,29,1
97,30,1
97,31,1
97,32,1
97,33,1
97,34,1
97,35,1
97,36,1
97,37,1
97,38,1
97,39,1
97,40,1
97,41,1
97,42,1
97,43,1
97,44,1
97,45,1
97,46,1
97,47,1
97,48,1
97,49,1
97,50,1
97,51,1
97,52,1
97,53,1
97,54,1
97,55,1
97,56,1
97,57,1
97,58,1
97,59,1
97,60,1
97,61,1
97,62,1
97,63,1
97,64,1
97,65,1
97,66,1
97,67,1
97,68,1
97,69,1
97,70,1
97,71,1
97,72,1
97,73,1
97,74,1
97,75,1
97,76,1
97,77,1
97,78,1
97,79,1
97,80,1
97,81,1
97,82,1
97,83,1
97,84,1
97,85,1
97,86,1
97,87,1
97,88,1
97,89,1
97,90,1
97,91,1
97,92,1
97,93,1
97,94,1
97,95,1
97,96,1
97,97,97
97,98,1
97,99,1
98,0,98
98,1,1
98,2,2
98,3,1
98,4,2
98,5,1
98,6,2
98,7,7
98,8,2
98,9,1
98,10,2
98,11,1
98,12,2
98,13,1
98,14,14
98,15,1
98,16,2
98,17,1
98,18,2
98,19,1
98,20,2
98,21,7
98,22,2
98,23,1
98,24,2
98,25,1
98,26,2
98,27,1
98,28,14
98,29,1
98,30,2
98,31,1
98,32,2
98,33,1
98,34,2
98,35,7
98,36,2
98,37,1
98,38,2
98,39,1
98,40,2
98,41,1
98,42,14
98,43,1
98,44,2
98,45,1
98,46,2
98,47,1
98,48,2
98,49,49
98,50,2
98,51,1
98,52,2
98,53,1
98,54,2
98,55,1
98,56,14
98,57,1
98,58,2
98,59,1
98,60,2
98,61,1
98,62,2
98,63,7
98,64,2
98,65,1
98,66,2
98,67,1
98,68,2
98,69,1
98,70,14
98,71,1
98,72,2
98,73,1
98,74,2
98,75,1
98,76,2
98,77,7
98,78,2
98,79,1
98,80,2
98,81,1
98,82,2
98,83,1
98,84,14
98,85,1
98,86,2
98,87,1
98,88,2
98,89,1
98,90,2
98,91,7
98,92,2
98,93,1
98,94,2
98,95,1
98,96,2
98,97,1
98,98,98
98,99,1
99,0,99
99,1,1
99,2,1
99,3,3
99,4,1
99,5,1
99,6,3
99,7,1
99,8,1
99,9,9
99,10,1
99,11,11
99,12,3
99,13,1
99,14,1
99,15,3
99,16,1
99,17,1
99,18,9
99,19,1
99,20,1
99,21,3
99,22,11
99,23,1
99,24,3
99,25,1
99,26,1
99,27,9
99,28,1
99,29,1
99,30,3
99,31,1
99,32,1
99,33,33
99,34,1
99,35,1
99,36,9
99,37,1
99,38,1
99,39,3
99,40,1
99,41,1
99,42,3
99,43,1
99,44,11
99,45,9
99,46,1
99,47,1
99,48,3
99,49,1
99,50,1
99,51,3
99,52,1
99,53,1
99,54,9
99,55,11
99,56,1
99,57,3
99,58,1
99,59,1
99,60,3
99,61,1
99,62,1
99,63,9
99,64,1
99,65,1
99,66,33
99,67,1
99,68,1
99,69,3
99,70,1
99,71,1
99,72,9
99,73,1
99,74,1
99,75,3
99,76,1
99,77,11
99,78,3
99,79,1
99,80,1
99,81,9
99,82,1
99,83,1
99,84,3
99,85,1
99,86,1
99,87,3
99,88,11
99,89,1
99,90,9
99,91,1
99,92,1
99,93,3
99,94,1
99,95,1
99,96,3
99,97,1
99,98,1
99,99,99
